round,edge_kind,enabler,enabled,prefix,reads_after_prefix,writes_after_prefix,new_writes_after_prefix,changed_writes_after_prefix
1,expansion,simplifycfg,sccp,simplifycfg,inst:main:%27,inst:main:%27,inst:main:%27,
1,activation,simplifycfg,loop-simplify,simplifycfg,inst:main:bb5:1:br;inst:main:bb6:1:call;inst:main:bb6:2:call;inst:main:bb6:3:ret;loop:main:bb5,bb:main:.preheader;bb:main:.preheader1;inst:main:.preheader1:1:br;inst:main:.preheader:1:br;inst:main:bb5:1:br;inst:main:bb5:1:call;inst:main:bb5:2:call;inst:main:bb5:3:ret;inst:main:bb6:1:br;inst:main:bb6:1:call;inst:main:bb6:2:call;inst:main:bb6:3:ret;loop:main:bb5;loop:main:bb6,bb:main:.preheader;bb:main:.preheader1;inst:main:.preheader1:1:br;inst:main:.preheader:1:br;inst:main:bb5:1:br;inst:main:bb5:1:call;inst:main:bb5:2:call;inst:main:bb5:3:ret;inst:main:bb6:1:br;inst:main:bb6:1:call;inst:main:bb6:2:call;inst:main:bb6:3:ret;loop:main:bb5;loop:main:bb6,
1,expansion,simplifycfg,loop-rotate,simplifycfg,bb:main:bb6;bb:main:bb7;bb:main:bb8;inst:main:%.in;inst:main:%14;inst:main:%15;inst:main:%17;inst:main:%18;inst:main:%19;inst:main:%21;inst:main:%22;inst:main:%24;inst:main:%26;inst:main:%27;inst:main:%28;inst:main:%29;inst:main:%30;inst:main:%31;inst:main:%32;inst:main:%34;inst:main:%36;inst:main:%37;inst:main:%38;inst:main:%39;inst:main:%40;inst:main:bb1:1:br;inst:main:bb2:1:br;inst:main:bb3:1:store;inst:main:bb3:2:br;inst:main:bb4:1:br;inst:main:bb5:1:br;inst:main:bb6:1:call;inst:main:bb6:2:call;inst:main:bb6:3:ret;inst:main:bb7:1:store;inst:main:bb7:2:br;inst:main:bb8:1:br;loop:main:bb2;loop:main:bb4;loop:main:bb5,bb:main:..preheader1_crit_edge;bb:main:._crit_edge;bb:main:.lr.ph;bb:main:.lr.ph3;bb:main:.preheader;bb:main:.preheader1;bb:main:bb6;bb:main:bb7;bb:main:bb8;inst:main:%.in;inst:main:%.in2;inst:main:%13;inst:main:%14;inst:main:%15;inst:main:%16;inst:main:%17;inst:main:%18;inst:main:%19;inst:main:%20;inst:main:%21;inst:main:%22;inst:main:%23;inst:main:%24;inst:main:%25;inst:main:%26;inst:main:%27;inst:main:%28;inst:main:%29;inst:main:%30;inst:main:%31;inst:main:%32;inst:main:%33;inst:main:%34;inst:main:%35;inst:main:%36;inst:main:%37;inst:main:%38;inst:main:%39;inst:main:%40;inst:main:..preheader1_crit_edge:1:br;inst:main:._crit_edge:1:br;inst:main:.lr.ph3:1:br;inst:main:.lr.ph:1:br;inst:main:.preheader1:1:br;inst:main:.preheader:1:br;inst:main:bb1:1:br;inst:main:bb2:1:br;inst:main:bb2:1:store;inst:main:bb2:2:br;inst:main:bb3:1:br;inst:main:bb3:1:store;inst:main:bb3:2:br;inst:main:bb4:1:br;inst:main:bb4:1:store;inst:main:bb4:2:br;inst:main:bb5:1:br;inst:main:bb5:1:call;inst:main:bb5:2:call;inst:main:bb5:3:ret;inst:main:bb6:1:call;inst:main:bb6:2:call;inst:main:bb6:3:ret;inst:main:bb7:1:store;inst:main:bb7:2:br;inst:main:bb8:1:br;loop:main:.preheader;loop:main:bb2;loop:main:bb4;loop:main:bb5,bb:main:..preheader1_crit_edge;bb:main:.preheader;bb:main:.preheader1;bb:main:bb6;bb:main:bb7;bb:main:bb8;inst:main:%.in2;inst:main:%13;inst:main:%21;inst:main:%22;inst:main:%25;inst:main:..preheader1_crit_edge:1:br;inst:main:.preheader1:1:br;inst:main:.preheader:1:br;inst:main:bb1:1:br;inst:main:bb2:1:store;inst:main:bb2:2:br;inst:main:bb3:1:store;inst:main:bb3:2:br;inst:main:bb4:1:br;inst:main:bb4:1:store;inst:main:bb5:1:call;inst:main:bb5:2:call;inst:main:bb5:3:ret;inst:main:bb6:1:call;inst:main:bb6:2:call;inst:main:bb6:3:ret;inst:main:bb8:1:br;loop:main:.preheader;loop:main:bb2,inst:main:%14;inst:main:%15;inst:main:%16;inst:main:%17;inst:main:%18;inst:main:%19;inst:main:%20;inst:main:%23;inst:main:%24;inst:main:%26;inst:main:%27;inst:main:%28;inst:main:%29;inst:main:%30;inst:main:%31;inst:main:%32;inst:main:%33;inst:main:%35;inst:main:%36;inst:main:%37;inst:main:%39;inst:main:%40;inst:main:bb2:1:br;inst:main:bb3:1:br;inst:main:bb4:2:br;inst:main:bb5:1:br;inst:main:bb7:1:store;inst:main:bb7:2:br;loop:main:bb4;loop:main:bb5
1,activation,simplifycfg,licm,simplifycfg,inst:main:bb5:1:br;inst:main:bb6:1:call;inst:main:bb6:2:call;inst:main:bb6:3:ret;loop:main:bb5,bb:main:.preheader;bb:main:.preheader1;inst:main:.preheader1:1:br;inst:main:.preheader:1:br;inst:main:bb5:1:br;inst:main:bb5:1:call;inst:main:bb5:2:call;inst:main:bb5:3:ret;inst:main:bb6:1:br;inst:main:bb6:1:call;inst:main:bb6:2:call;inst:main:bb6:3:ret;loop:main:bb5;loop:main:bb6,bb:main:.preheader;bb:main:.preheader1;inst:main:.preheader1:1:br;inst:main:.preheader:1:br;inst:main:bb5:1:br;inst:main:bb5:1:call;inst:main:bb5:2:call;inst:main:bb5:3:ret;inst:main:bb6:1:br;inst:main:bb6:1:call;inst:main:bb6:2:call;inst:main:bb6:3:ret;loop:main:bb5;loop:main:bb6,
1,expansion,simplifycfg,indvars,simplifycfg,inst:main:%.in;inst:main:%11;inst:main:%12;inst:main:%14;inst:main:%15;inst:main:%17;inst:main:%18;inst:main:%19;inst:main:%21;inst:main:%22;inst:main:%24;inst:main:%26;inst:main:%27;inst:main:%28;inst:main:%29;inst:main:%30;inst:main:%32;inst:main:%34;inst:main:%36;inst:main:%37;inst:main:%38;inst:main:%39;inst:main:%40;inst:main:%7;inst:main:bb5:1:br;inst:main:bb6:1:call;inst:main:bb6:2:call;inst:main:bb6:3:ret;loop:main:bb5,bb:main:.preheader;bb:main:.preheader1;inst:main:%.in;inst:main:%11;inst:main:%12;inst:main:%14;inst:main:%15;inst:main:%16;inst:main:%17;inst:main:%18;inst:main:%19;inst:main:%21;inst:main:%22;inst:main:%23;inst:main:%24;inst:main:%25;inst:main:%26;inst:main:%27;inst:main:%28;inst:main:%29;inst:main:%30;inst:main:%32;inst:main:%33;inst:main:%34;inst:main:%35;inst:main:%36;inst:main:%37;inst:main:%38;inst:main:%39;inst:main:%40;inst:main:%7;inst:main:%exitcond;inst:main:%exitcond6;inst:main:%indvars.iv;inst:main:%indvars.iv.next;inst:main:%indvars.iv.next4;inst:main:%indvars.iv3;inst:main:%smax;inst:main:%wide.trip.count;inst:main:.preheader1:1:br;inst:main:.preheader:1:br;inst:main:bb5:1:br;inst:main:bb5:1:call;inst:main:bb5:2:call;inst:main:bb5:3:ret;inst:main:bb6:1:br;inst:main:bb6:1:call;inst:main:bb6:2:call;inst:main:bb6:3:ret;loop:main:bb5;loop:main:bb6,bb:main:.preheader;bb:main:.preheader1;inst:main:%11;inst:main:%14;inst:main:%22;inst:main:%25;inst:main:%34;inst:main:%exitcond6;inst:main:%indvars.iv.next4;inst:main:%indvars.iv3;inst:main:.preheader1:1:br;inst:main:.preheader:1:br;inst:main:bb5:1:br;inst:main:bb5:1:call;inst:main:bb5:2:call;inst:main:bb5:3:ret;inst:main:bb6:1:br;inst:main:bb6:1:call;inst:main:bb6:2:call;inst:main:bb6:3:ret;loop:main:bb5;loop:main:bb6,inst:main:%19;inst:main:%21;inst:main:%23;inst:main:%24;inst:main:%26;inst:main:%27;inst:main:%28;inst:main:%29;inst:main:%30;inst:main:%32;inst:main:%33;inst:main:%35;inst:main:%36;inst:main:%37;inst:main:%38
1,expansion,simplifycfg,loop-unroll,simplifycfg,inst:main:%21;inst:main:%34;inst:main:%36;inst:main:%37;inst:main:%38;inst:main:%39;inst:main:%40;inst:main:bb5:1:br;inst:main:bb6:1:call;inst:main:bb6:2:call;inst:main:bb6:3:ret;inst:main:bb8:1:br;loop:main:bb4;loop:main:bb5,bb:main:.preheader;bb:main:.preheader.1;bb:main:.preheader1;bb:main:bb10;bb:main:bb11;bb:main:bb9;inst:main:%.in.1;inst:main:%21;inst:main:%34;inst:main:%35;inst:main:%36;inst:main:%37;inst:main:%38;inst:main:%39;inst:main:%40;inst:main:%41;inst:main:%42;inst:main:%43;inst:main:%44;inst:main:%45;inst:main:%47;inst:main:%48;inst:main:%49;inst:main:%50;inst:main:%51;inst:main:.preheader.1:1:br;inst:main:.preheader1:1:br;inst:main:.preheader:1:br;inst:main:bb10:1:store;inst:main:bb10:2:br;inst:main:bb11:1:br;inst:main:bb5:1:br;inst:main:bb5:1:call;inst:main:bb5:2:call;inst:main:bb5:3:ret;inst:main:bb6:1:br;inst:main:bb6:1:call;inst:main:bb6:2:call;inst:main:bb6:3:ret;inst:main:bb8:1:br;inst:main:bb9:1:br;loop:main:bb4;loop:main:bb5;loop:main:bb6;loop:main:bb9,bb:main:.preheader;bb:main:.preheader.1;bb:main:.preheader1;bb:main:bb10;bb:main:bb11;bb:main:bb9;inst:main:%21;inst:main:%34;inst:main:%35;inst:main:%36;inst:main:%38;inst:main:%50;inst:main:.preheader.1:1:br;inst:main:.preheader1:1:br;inst:main:.preheader:1:br;inst:main:bb10:1:store;inst:main:bb10:2:br;inst:main:bb5:1:br;inst:main:bb5:1:call;inst:main:bb5:2:call;inst:main:bb5:3:ret;inst:main:bb6:1:br;inst:main:bb6:1:call;inst:main:bb6:2:call;inst:main:bb6:3:ret;inst:main:bb8:1:br;inst:main:bb9:1:br;loop:main:bb4;loop:main:bb5;loop:main:bb9,inst:main:%37;inst:main:%39;inst:main:%40;inst:main:%41;inst:main:%42;inst:main:%43;inst:main:%44;inst:main:%45;inst:main:%47;inst:main:%48;inst:main:%49;inst:main:%51;inst:main:bb11:1:br;loop:main:bb6
1,activation,sccp,instcombine,sccp,inst:main:%31;inst:main:%33,inst:main:%31;inst:main:%33,inst:main:%31;inst:main:%33,
1,mutation,sccp,simplifycfg,sccp,bb:main:bb10;bb:main:bb11;bb:main:bb9;inst:main:%10;inst:main:%11;inst:main:%13;inst:main:%15;inst:main:%16;inst:main:%18;inst:main:%19;inst:main:%20;inst:main:%23;inst:main:%24;inst:main:%27;inst:main:%29;inst:main:%30;inst:main:%31;inst:main:%32;inst:main:%33;inst:main:%34;inst:main:%35;inst:main:%37;inst:main:%40;inst:main:%41;inst:main:%42;inst:main:%43;inst:main:bb10:1:store;inst:main:bb10:2:br;inst:main:bb11:1:br;inst:main:bb2:1:br;inst:main:bb3:1:br;inst:main:bb4:1:store;inst:main:bb4:2:br;inst:main:bb5:1:br;inst:main:bb6:1:br;inst:main:bb7:1:br;inst:main:bb8:1:call;inst:main:bb8:2:call;inst:main:bb8:3:ret;inst:main:bb9:1:br;loop:main:bb3;loop:main:bb6;loop:main:bb9,bb:main:bb10;bb:main:bb11;bb:main:bb9;inst:main:%10;inst:main:%11;inst:main:%13;inst:main:%14;inst:main:%15;inst:main:%16;inst:main:%17;inst:main:%18;inst:main:%19;inst:main:%20;inst:main:%21;inst:main:%22;inst:main:%23;inst:main:%24;inst:main:%26;inst:main:%27;inst:main:%28;inst:main:%29;inst:main:%30;inst:main:%31;inst:main:%32;inst:main:%33;inst:main:%34;inst:main:%35;inst:main:%36;inst:main:%37;inst:main:%38;inst:main:%40;inst:main:%41;inst:main:%42;inst:main:%43;inst:main:%9;inst:main:bb10:1:store;inst:main:bb10:2:br;inst:main:bb11:1:br;inst:main:bb2:1:br;inst:main:bb3:1:br;inst:main:bb3:1:store;inst:main:bb3:2:br;inst:main:bb4:1:br;inst:main:bb4:1:store;inst:main:bb4:2:br;inst:main:bb5:1:br;inst:main:bb6:1:br;inst:main:bb6:1:call;inst:main:bb6:2:call;inst:main:bb6:3:ret;inst:main:bb7:1:br;inst:main:bb7:1:store;inst:main:bb7:2:br;inst:main:bb8:1:br;inst:main:bb8:1:call;inst:main:bb8:2:call;inst:main:bb8:3:ret;inst:main:bb9:1:br;loop:main:bb2;loop:main:bb3;loop:main:bb4;loop:main:bb5;loop:main:bb6;loop:main:bb9,,inst:main:%27
1,expansion,sccp,loop-rotate,sccp,bb:main:bb10;bb:main:bb11;bb:main:bb9;inst:main:%.in;inst:main:%15;inst:main:%16;inst:main:%18;inst:main:%19;inst:main:%20;inst:main:%23;inst:main:%24;inst:main:%27;inst:main:%29;inst:main:%30;inst:main:%31;inst:main:%32;inst:main:%33;inst:main:%34;inst:main:%35;inst:main:%37;inst:main:%39;inst:main:%40;inst:main:%41;inst:main:%42;inst:main:%43;inst:main:bb10:1:store;inst:main:bb10:2:br;inst:main:bb11:1:br;inst:main:bb2:1:br;inst:main:bb3:1:br;inst:main:bb4:2:br;inst:main:bb5:1:br;inst:main:bb6:1:br;inst:main:bb7:1:br;inst:main:bb9:1:br;loop:main:bb3;loop:main:bb6;loop:main:bb9,bb:main:._crit_edge;bb:main:._crit_edge6;bb:main:.lr.ph;bb:main:.lr.ph5;bb:main:bb10;bb:main:bb11;bb:main:bb9;inst:main:%.in;inst:main:%.in3;inst:main:%14;inst:main:%15;inst:main:%16;inst:main:%17;inst:main:%18;inst:main:%19;inst:main:%20;inst:main:%23;inst:main:%24;inst:main:%26;inst:main:%27;inst:main:%28;inst:main:%29;inst:main:%30;inst:main:%31;inst:main:%32;inst:main:%33;inst:main:%34;inst:main:%35;inst:main:%36;inst:main:%37;inst:main:%38;inst:main:%39;inst:main:%40;inst:main:%41;inst:main:%42;inst:main:%43;inst:main:._crit_edge6:1:br;inst:main:._crit_edge:1:br;inst:main:.lr.ph5:1:br;inst:main:.lr.ph:1:br;inst:main:bb10:1:store;inst:main:bb10:2:br;inst:main:bb11:1:br;inst:main:bb2:1:br;inst:main:bb3:1:br;inst:main:bb4:2:br;inst:main:bb5:1:br;inst:main:bb6:1:br;inst:main:bb7:1:br;inst:main:bb7:1:store;inst:main:bb7:2:br;inst:main:bb9:1:br;loop:main:bb3;loop:main:bb4;loop:main:bb5;loop:main:bb6;loop:main:bb7;loop:main:bb9,bb:main:._crit_edge6;bb:main:.lr.ph5;inst:main:%.in3;inst:main:._crit_edge6:1:br;inst:main:.lr.ph5:1:br,inst:main:%27
1,expansion,sccp,indvars,sccp,inst:main:%.in;inst:main:%12;inst:main:%13;inst:main:%15;inst:main:%16;inst:main:%18;inst:main:%19;inst:main:%20;inst:main:%23;inst:main:%24;inst:main:%27;inst:main:%29;inst:main:%30;inst:main:%31;inst:main:%32;inst:main:%33;inst:main:%34;inst:main:%35;inst:main:%37;inst:main:%40;inst:main:%41;inst:main:%42;inst:main:%43;inst:main:%7;inst:main:bb8:1:call;inst:main:bb8:2:call,inst:main:%.in;inst:main:%12;inst:main:%13;inst:main:%15;inst:main:%16;inst:main:%17;inst:main:%18;inst:main:%19;inst:main:%20;inst:main:%21;inst:main:%23;inst:main:%24;inst:main:%25;inst:main:%27;inst:main:%28;inst:main:%29;inst:main:%30;inst:main:%31;inst:main:%32;inst:main:%33;inst:main:%34;inst:main:%35;inst:main:%36;inst:main:%37;inst:main:%38;inst:main:%40;inst:main:%41;inst:main:%42;inst:main:%43;inst:main:%7;inst:main:%exitcond;inst:main:%exitcond7;inst:main:%indvars.iv;inst:main:%indvars.iv.next;inst:main:%indvars.iv.next5;inst:main:%indvars.iv4;inst:main:%smax;inst:main:%wide.trip.count;inst:main:bb8:1:call;inst:main:bb8:2:call,inst:main:%25;inst:main:%34;inst:main:%exitcond7;inst:main:%indvars.iv.next5;inst:main:%indvars.iv4,inst:main:%19;inst:main:%24;inst:main:%27;inst:main:%30;inst:main:%31;inst:main:%32;inst:main:%35;inst:main:%36;inst:main:%37;inst:main:%38;inst:main:%40
1,mutation,sccp,loop-unroll,sccp,inst:main:%23;inst:main:%37;inst:main:%39;inst:main:%40;inst:main:%41;inst:main:%42;inst:main:%43;inst:main:bb11:1:br;loop:main:bb6,bb:main:bb12;bb:main:bb13;bb:main:bb14;bb:main:bb15;inst:main:%.in.1;inst:main:%23;inst:main:%37;inst:main:%39;inst:main:%40;inst:main:%41;inst:main:%42;inst:main:%43;inst:main:%44;inst:main:%45;inst:main:%46;inst:main:%47;inst:main:%48;inst:main:%49;inst:main:%51;inst:main:%52;inst:main:%53;inst:main:%54;inst:main:%55;inst:main:bb11:1:br;inst:main:bb12:1:br;inst:main:bb13:1:br;inst:main:bb14:1:store;inst:main:bb14:2:br;inst:main:bb15:1:br;loop:main:bb13;loop:main:bb6,,inst:main:%44
1,activation,loop-rotate,instcombine,loop-rotate,inst:main:%14;inst:main:%33;inst:main:%36,inst:main:%14;inst:main:%33;inst:main:%36,inst:main:%14;inst:main:%33;inst:main:%36,
1,expansion,loop-rotate,simplifycfg,loop-rotate,bb:main:bb4;bb:main:bb5;bb:main:bb6;bb:main:bb7;bb:main:bb8;inst:main:%10;inst:main:%11;inst:main:%13;inst:main:%14;inst:main:%16;inst:main:%17;inst:main:%18;inst:main:%19;inst:main:%20;inst:main:%23;inst:main:%24;inst:main:%26;inst:main:%27;inst:main:%28;inst:main:%29;inst:main:%30;inst:main:%31;inst:main:%32;inst:main:%33;inst:main:%35;inst:main:%36;inst:main:%38;inst:main:%39;inst:main:%40;inst:main:%41;inst:main:%42;inst:main:._crit_edge4:1:br;inst:main:.lr.ph3:1:br;inst:main:.lr.ph:1:br;inst:main:bb1:1:br;inst:main:bb3:1:br;inst:main:bb4:1:store;inst:main:bb4:2:br;inst:main:bb5:1:br;inst:main:bb6:1:br;inst:main:bb7:1:store;inst:main:bb7:2:br;inst:main:bb8:1:call;inst:main:bb8:2:call;inst:main:bb8:3:ret;loop:main:bb4;loop:main:bb5;loop:main:bb7,bb:main:bb4;bb:main:bb5;bb:main:bb6;bb:main:bb7;bb:main:bb8;inst:main:%10;inst:main:%11;inst:main:%13;inst:main:%14;inst:main:%15;inst:main:%16;inst:main:%17;inst:main:%18;inst:main:%19;inst:main:%20;inst:main:%21;inst:main:%22;inst:main:%23;inst:main:%24;inst:main:%25;inst:main:%26;inst:main:%27;inst:main:%28;inst:main:%29;inst:main:%30;inst:main:%31;inst:main:%32;inst:main:%33;inst:main:%34;inst:main:%35;inst:main:%36;inst:main:%37;inst:main:%38;inst:main:%39;inst:main:%40;inst:main:%41;inst:main:%42;inst:main:%9;inst:main:._crit_edge4:1:br;inst:main:.lr.ph3:1:br;inst:main:.lr.ph3:1:store;inst:main:.lr.ph3:2:br;inst:main:.lr.ph:1:br;inst:main:.lr.ph:1:store;inst:main:.lr.ph:2:br;inst:main:bb1:1:br;inst:main:bb3:1:br;inst:main:bb3:1:call;inst:main:bb3:2:call;inst:main:bb3:3:ret;inst:main:bb4:1:store;inst:main:bb4:2:br;inst:main:bb5:1:br;inst:main:bb6:1:br;inst:main:bb7:1:store;inst:main:bb7:2:br;inst:main:bb8:1:call;inst:main:bb8:2:call;inst:main:bb8:3:ret;loop:main:.lr.ph;loop:main:.lr.ph3;loop:main:bb2;loop:main:bb4;loop:main:bb5;loop:main:bb7,bb:main:bb4;bb:main:bb5;bb:main:bb6;bb:main:bb7;bb:main:bb8;inst:main:%25;inst:main:%39;inst:main:._crit_edge4:1:br;inst:main:.lr.ph3:1:br;inst:main:.lr.ph3:1:store;inst:main:.lr.ph3:2:br;inst:main:.lr.ph:1:br;inst:main:.lr.ph:1:store;inst:main:.lr.ph:2:br;inst:main:bb1:1:br;inst:main:bb3:1:call;inst:main:bb3:2:call;inst:main:bb3:3:ret;loop:main:.lr.ph;loop:main:.lr.ph3;loop:main:bb7,inst:main:%13;inst:main:%15;inst:main:%16;inst:main:%17;inst:main:%18;inst:main:%19;inst:main:%20;inst:main:%21;inst:main:%22;inst:main:%23;inst:main:%24;inst:main:%26;inst:main:%27;inst:main:%28;inst:main:%29;inst:main:%30;inst:main:%31;inst:main:%32;inst:main:%33;inst:main:%34;inst:main:%35;inst:main:%37;inst:main:%38;inst:main:%40;inst:main:bb5:1:br;inst:main:bb7:1:store;inst:main:bb7:2:br;loop:main:bb2;loop:main:bb4;loop:main:bb5
1,activation,loop-rotate,early-cse,loop-rotate,inst:main:%24;inst:main:%26;inst:main:%27;inst:main:%28;inst:main:%29;inst:main:%30;inst:main:%31;inst:main:%32;inst:main:%33;inst:main:%35;inst:main:%36;inst:main:%38;inst:main:%39;inst:main:%40;inst:main:%41;inst:main:%42,inst:main:%24;inst:main:%25;inst:main:%26;inst:main:%27;inst:main:%28;inst:main:%29;inst:main:%30;inst:main:%31;inst:main:%32;inst:main:%33;inst:main:%34;inst:main:%35;inst:main:%36;inst:main:%37;inst:main:%38;inst:main:%39;inst:main:%40;inst:main:%41;inst:main:%42,inst:main:%24;inst:main:%25;inst:main:%26;inst:main:%27;inst:main:%28;inst:main:%29;inst:main:%30;inst:main:%31;inst:main:%32;inst:main:%33;inst:main:%34;inst:main:%35;inst:main:%36;inst:main:%37;inst:main:%38;inst:main:%39;inst:main:%40;inst:main:%41;inst:main:%42,
1,activation,loop-rotate,gvn,loop-rotate,inst:main:%24;inst:main:%26;inst:main:%27;inst:main:%28;inst:main:%29;inst:main:%30;inst:main:%31;inst:main:%32;inst:main:%33;inst:main:%35;inst:main:%36;inst:main:%38;inst:main:%39;inst:main:%40;inst:main:%41;inst:main:%42,inst:main:%24;inst:main:%25;inst:main:%26;inst:main:%27;inst:main:%28;inst:main:%29;inst:main:%30;inst:main:%31;inst:main:%32;inst:main:%33;inst:main:%34;inst:main:%35;inst:main:%36;inst:main:%37;inst:main:%38;inst:main:%39;inst:main:%40;inst:main:%41;inst:main:%42,inst:main:%24;inst:main:%25;inst:main:%26;inst:main:%27;inst:main:%28;inst:main:%29;inst:main:%30;inst:main:%31;inst:main:%32;inst:main:%33;inst:main:%34;inst:main:%35;inst:main:%36;inst:main:%37;inst:main:%38;inst:main:%39;inst:main:%40;inst:main:%41;inst:main:%42,
1,activation,loop-rotate,licm,loop-rotate,inst:main:%23;inst:main:%24,inst:main:%22;inst:main:%23;inst:main:%24,inst:main:%22;inst:main:%23;inst:main:%24,
1,expansion,loop-rotate,indvars,loop-rotate,inst:main:%.in1;inst:main:%16;inst:main:%17;inst:main:%18;inst:main:%19;inst:main:%20;inst:main:%23;inst:main:%24;inst:main:%26;inst:main:%27;inst:main:%28;inst:main:%29;inst:main:%30;inst:main:%31;inst:main:%32;inst:main:%33;inst:main:%35;inst:main:%36;inst:main:%38;inst:main:%39;inst:main:%40;inst:main:%41;inst:main:%42,inst:main:%.in1;inst:main:%16;inst:main:%17;inst:main:%18;inst:main:%19;inst:main:%20;inst:main:%21;inst:main:%22;inst:main:%23;inst:main:%24;inst:main:%25;inst:main:%26;inst:main:%27;inst:main:%28;inst:main:%29;inst:main:%30;inst:main:%31;inst:main:%32;inst:main:%33;inst:main:%34;inst:main:%35;inst:main:%36;inst:main:%37;inst:main:%38;inst:main:%39;inst:main:%40;inst:main:%41;inst:main:%42;inst:main:%exitcond;inst:main:%exitcond9;inst:main:%indvars.iv;inst:main:%indvars.iv.next;inst:main:%indvars.iv.next7;inst:main:%indvars.iv6;inst:main:%wide.trip.count,inst:main:%.in1;inst:main:%22;inst:main:%25;inst:main:%34;inst:main:%exitcond9;inst:main:%indvars.iv.next7;inst:main:%indvars.iv6,inst:main:%17;inst:main:%21;inst:main:%24;inst:main:%28;inst:main:%29;inst:main:%30;inst:main:%31;inst:main:%32;inst:main:%33;inst:main:%35;inst:main:%36;inst:main:%37;inst:main:%38;inst:main:%indvars.iv
1,expansion,loop-rotate,loop-unroll,loop-rotate,inst:main:%12;inst:main:%13;inst:main:%16;inst:main:%17;inst:main:%18;inst:main:%19;inst:main:%20;inst:main:%23;inst:main:%24;inst:main:%26;inst:main:%27;inst:main:%28;inst:main:%29;inst:main:%30;inst:main:%31;inst:main:%32;inst:main:%33;inst:main:%35;inst:main:%36;inst:main:%38;inst:main:%39;inst:main:%40;inst:main:%41;inst:main:%42;inst:main:%7;inst:main:.lr.ph3:1:br;inst:main:.lr.ph:1:br;inst:main:bb4:2:br;inst:main:bb5:1:br;inst:main:bb6:1:br;inst:main:bb7:1:store;inst:main:bb7:2:br;inst:main:bb8:1:call;inst:main:bb8:2:call;inst:main:bb8:3:ret;loop:main:bb5;loop:main:bb7,bb:main:._crit_edge.epilog-lcssa;bb:main:._crit_edge.unr-lcssa;bb:main:._crit_edge4.unr-lcssa;bb:main:.epil.preheader;bb:main:.lr.ph.new;bb:main:.lr.ph3.new;bb:main:.prol.loopexit;bb:main:.prol.loopexit.unr-lcssa;bb:main:.prol.preheader;bb:main:bb9;inst:main:%.epil.init;inst:main:%.in1.unr;inst:main:%.unr;inst:main:%12;inst:main:%13;inst:main:%15;inst:main:%16;inst:main:%17;inst:main:%18;inst:main:%19;inst:main:%20;inst:main:%21;inst:main:%22;inst:main:%23;inst:main:%24;inst:main:%25;inst:main:%26;inst:main:%27;inst:main:%28;inst:main:%29;inst:main:%30;inst:main:%31;inst:main:%32;inst:main:%33;inst:main:%34;inst:main:%35;inst:main:%36;inst:main:%37;inst:main:%38;inst:main:%39;inst:main:%40;inst:main:%41;inst:main:%42;inst:main:%44;inst:main:%45;inst:main:%46;inst:main:%47;inst:main:%48;inst:main:%50;inst:main:%52;inst:main:%53;inst:main:%54;inst:main:%55;inst:main:%56;inst:main:%57;inst:main:%58;inst:main:%59;inst:main:%60;inst:main:%61;inst:main:%63;inst:main:%64;inst:main:%65;inst:main:%66;inst:main:%67;inst:main:%68;inst:main:%69;inst:main:%7;inst:main:%70;inst:main:%71;inst:main:%72;inst:main:%73;inst:main:%74;inst:main:%75;inst:main:%76;inst:main:%77;inst:main:%79;inst:main:%80;inst:main:%82;inst:main:%83;inst:main:%84;inst:main:%85;inst:main:%86;inst:main:%epil.iter;inst:main:%epil.iter.cmp;inst:main:%epil.iter.next;inst:main:%lcmp.mod;inst:main:%lcmp.mod5;inst:main:%lcmp.mod7;inst:main:%niter;inst:main:%niter.ncmp.7;inst:main:%niter.next.7;inst:main:%unroll_iter;inst:main:%xtraiter;inst:main:%xtraiter6;inst:main:._crit_edge.epilog-lcssa:1:br;inst:main:._crit_edge.unr-lcssa:1:br;inst:main:._crit_edge4.unr-lcssa:1:br;inst:main:.epil.preheader:1:call;inst:main:.epil.preheader:2:br;inst:main:.lr.ph.new:1:br;inst:main:.lr.ph3.new:1:br;inst:main:.lr.ph3:1:br;inst:main:.lr.ph:1:br;inst:main:.prol.loopexit.unr-lcssa:1:store;inst:main:.prol.loopexit.unr-lcssa:2:br;inst:main:.prol.loopexit:1:br;inst:main:.prol.preheader:1:br;inst:main:bb4:2:br;inst:main:bb4:2:store;inst:main:bb4:3:store;inst:main:bb4:4:store;inst:main:bb4:5:store;inst:main:bb4:6:store;inst:main:bb4:7:store;inst:main:bb4:8:store;inst:main:bb4:9:br;inst:main:bb5:1:br;inst:main:bb5:1:store;inst:main:bb5:2:br;inst:main:bb6:1:br;inst:main:bb7:1:br;inst:main:bb7:1:store;inst:main:bb7:2:br;inst:main:bb8:1:call;inst:main:bb8:1:store;inst:main:bb8:2:call;inst:main:bb8:2:store;inst:main:bb8:3:br;inst:main:bb8:3:ret;inst:main:bb9:1:call;inst:main:bb9:2:call;inst:main:bb9:3:ret;loop:main:bb5;loop:main:bb6;loop:main:bb7;loop:main:bb8,bb:main:._crit_edge.epilog-lcssa;bb:main:._crit_edge.unr-lcssa;bb:main:._crit_edge4.unr-lcssa;bb:main:.epil.preheader;bb:main:.lr.ph.new;bb:main:.lr.ph3.new;bb:main:.prol.loopexit;bb:main:.prol.loopexit.unr-lcssa;bb:main:.prol.preheader;bb:main:bb9;inst:main:%.epil.init;inst:main:%.in1.unr;inst:main:%.unr;inst:main:%12;inst:main:%13;inst:main:%15;inst:main:%16;inst:main:%17;inst:main:%18;inst:main:%19;inst:main:%20;inst:main:%21;inst:main:%22;inst:main:%24;inst:main:%25;inst:main:%26;inst:main:%27;inst:main:%28;inst:main:%29;inst:main:%30;inst:main:%31;inst:main:%32;inst:main:%33;inst:main:%34;inst:main:%35;inst:main:%36;inst:main:%38;inst:main:%50;inst:main:%56;inst:main:%57;inst:main:%58;inst:main:%59;inst:main:%60;inst:main:%61;inst:main:%63;inst:main:%64;inst:main:%65;inst:main:%66;inst:main:%67;inst:main:%68;inst:main:%69;inst:main:%7;inst:main:%70;inst:main:%71;inst:main:%72;inst:main:%73;inst:main:%74;inst:main:%75;inst:main:%76;inst:main:%77;inst:main:%79;inst:main:%80;inst:main:%82;inst:main:%83;inst:main:%84;inst:main:%85;inst:main:%86;inst:main:%epil.iter;inst:main:%epil.iter.cmp;inst:main:%epil.iter.next;inst:main:%lcmp.mod;inst:main:%lcmp.mod5;inst:main:%lcmp.mod7;inst:main:%niter;inst:main:%niter.ncmp.7;inst:main:%niter.next.7;inst:main:%unroll_iter;inst:main:%xtraiter;inst:main:%xtraiter6;inst:main:._crit_edge.epilog-lcssa:1:br;inst:main:._crit_edge.unr-lcssa:1:br;inst:main:._crit_edge4.unr-lcssa:1:br;inst:main:.epil.preheader:1:call;inst:main:.epil.preheader:2:br;inst:main:.lr.ph.new:1:br;inst:main:.lr.ph3.new:1:br;inst:main:.lr.ph3:1:br;inst:main:.lr.ph:1:br;inst:main:.prol.loopexit.unr-lcssa:1:store;inst:main:.prol.loopexit.unr-lcssa:2:br;inst:main:.prol.loopexit:1:br;inst:main:.prol.preheader:1:br;inst:main:bb4:2:br;inst:main:bb4:2:store;inst:main:bb4:3:store;inst:main:bb4:4:store;inst:main:bb4:5:store;inst:main:bb4:6:store;inst:main:bb4:7:store;inst:main:bb4:8:store;inst:main:bb4:9:br;inst:main:bb5:1:br;inst:main:bb5:1:store;inst:main:bb5:2:br;inst:main:bb6:1:br;inst:main:bb7:1:br;inst:main:bb7:1:store;inst:main:bb7:2:br;inst:main:bb8:1:call;inst:main:bb8:1:store;inst:main:bb8:2:call;inst:main:bb8:2:store;inst:main:bb8:3:br;inst:main:bb8:3:ret;inst:main:bb9:1:call;inst:main:bb9:2:call;inst:main:bb9:3:ret;loop:main:bb5;loop:main:bb7;loop:main:bb8,inst:main:%23;inst:main:%37;inst:main:%39;inst:main:%40;inst:main:%41;inst:main:%42;inst:main:%44;inst:main:%45;inst:main:%46;inst:main:%47;inst:main:%48;inst:main:%52;inst:main:%53;inst:main:%54;inst:main:%55;loop:main:bb6
1,activation,indvars,instcombine,indvars,inst:main:%exitcond;inst:main:%exitcond5;inst:main:%wide.trip.count;inst:main:bb4:1:store;inst:main:bb4:2:br;inst:main:bb5:1:br;inst:main:bb7:1:br;inst:main:bb8:1:call;inst:main:bb8:2:call;inst:main:bb8:3:ret;loop:main:bb3,inst:main:%exitcond;inst:main:%exitcond.not;inst:main:%exitcond5;inst:main:%exitcond5.not;inst:main:%wide.trip.count;inst:main:bb4:1:br;inst:main:bb4:1:store;inst:main:bb4:2:br;inst:main:bb5:1:br;inst:main:bb5:1:store;inst:main:bb5:2:br;inst:main:bb7:1:br;inst:main:bb7:1:call;inst:main:bb7:2:call;inst:main:bb7:3:ret;inst:main:bb8:1:br;inst:main:bb8:1:call;inst:main:bb8:2:call;inst:main:bb8:3:ret;loop:main:bb3,inst:main:%exitcond;inst:main:%exitcond.not;inst:main:%exitcond5;inst:main:%exitcond5.not;inst:main:%wide.trip.count;inst:main:bb4:1:br;inst:main:bb4:1:store;inst:main:bb4:2:br;inst:main:bb5:1:br;inst:main:bb5:1:store;inst:main:bb5:2:br;inst:main:bb7:1:br;inst:main:bb7:1:call;inst:main:bb7:2:call;inst:main:bb7:3:ret;inst:main:bb8:1:br;inst:main:bb8:1:call;inst:main:bb8:2:call;inst:main:bb8:3:ret;loop:main:bb3,
1,expansion,indvars,simplifycfg,indvars,bb:main:bb10;bb:main:bb11;inst:main:%10;inst:main:%11;inst:main:%13;inst:main:%16;inst:main:%17;inst:main:%19;inst:main:%21;inst:main:%24;inst:main:%28;inst:main:%29;inst:main:%30;inst:main:%32;inst:main:%34;inst:main:%35;inst:main:%36;inst:main:%37;inst:main:%38;inst:main:bb10:1:store;inst:main:bb10:2:br;inst:main:bb11:1:br;inst:main:bb2:1:br;inst:main:bb3:1:br;inst:main:bb4:1:store;inst:main:bb4:2:br;inst:main:bb5:1:br;inst:main:bb7:1:br;inst:main:bb8:1:call;inst:main:bb8:2:call;inst:main:bb8:3:ret;inst:main:bb9:1:br;loop:main:bb3;loop:main:bb6;loop:main:bb9,bb:main:bb10;bb:main:bb11;inst:main:%10;inst:main:%11;inst:main:%13;inst:main:%15;inst:main:%16;inst:main:%17;inst:main:%18;inst:main:%19;inst:main:%20;inst:main:%21;inst:main:%22;inst:main:%24;inst:main:%25;inst:main:%28;inst:main:%29;inst:main:%30;inst:main:%32;inst:main:%33;inst:main:%34;inst:main:%35;inst:main:%36;inst:main:%37;inst:main:%38;inst:main:%9;inst:main:bb10:1:store;inst:main:bb10:2:br;inst:main:bb11:1:br;inst:main:bb2:1:br;inst:main:bb3:1:br;inst:main:bb3:1:store;inst:main:bb3:2:br;inst:main:bb4:1:br;inst:main:bb4:1:store;inst:main:bb4:2:br;inst:main:bb5:1:br;inst:main:bb7:1:br;inst:main:bb7:1:call;inst:main:bb7:2:call;inst:main:bb7:3:ret;inst:main:bb8:1:call;inst:main:bb8:1:store;inst:main:bb8:2:br;inst:main:bb8:2:call;inst:main:bb8:3:ret;inst:main:bb9:1:br;loop:main:bb2;loop:main:bb3;loop:main:bb5;loop:main:bb6;loop:main:bb9,inst:main:%25;inst:main:bb7:1:call;inst:main:bb7:2:call;inst:main:bb7:3:ret;inst:main:bb8:1:store;inst:main:bb8:2:br,inst:main:%11;inst:main:%15;inst:main:%16;inst:main:%17;inst:main:%18;inst:main:%19;inst:main:%20;inst:main:%21;inst:main:%22;inst:main:%24;inst:main:%28;inst:main:%29;inst:main:%30;inst:main:%32;inst:main:%33;inst:main:%34;inst:main:%35;inst:main:%36;inst:main:%37;inst:main:%38;inst:main:bb4:1:br;inst:main:bb9:1:br;loop:main:bb5;loop:main:bb6
1,activation,indvars,early-cse,indvars,inst:main:%19;inst:main:%21;inst:main:%24;inst:main:%26;inst:main:%27;inst:main:%28;inst:main:%29;inst:main:%30;inst:main:%32;inst:main:%34;inst:main:%35;inst:main:%36;inst:main:%37;inst:main:%38,inst:main:%19;inst:main:%20;inst:main:%21;inst:main:%23;inst:main:%24;inst:main:%25;inst:main:%26;inst:main:%27;inst:main:%28;inst:main:%29;inst:main:%30;inst:main:%31;inst:main:%32;inst:main:%33;inst:main:%34;inst:main:%35;inst:main:%36;inst:main:%37;inst:main:%38,inst:main:%19;inst:main:%20;inst:main:%21;inst:main:%23;inst:main:%24;inst:main:%25;inst:main:%26;inst:main:%27;inst:main:%28;inst:main:%29;inst:main:%30;inst:main:%31;inst:main:%32;inst:main:%33;inst:main:%34;inst:main:%35;inst:main:%36;inst:main:%37;inst:main:%38,
1,activation,indvars,gvn,indvars,inst:main:%19;inst:main:%21;inst:main:%24;inst:main:%26;inst:main:%27;inst:main:%28;inst:main:%29;inst:main:%30;inst:main:%32;inst:main:%34;inst:main:%35;inst:main:%36;inst:main:%37;inst:main:%38,inst:main:%19;inst:main:%20;inst:main:%21;inst:main:%23;inst:main:%24;inst:main:%25;inst:main:%26;inst:main:%27;inst:main:%28;inst:main:%29;inst:main:%30;inst:main:%31;inst:main:%32;inst:main:%33;inst:main:%34;inst:main:%35;inst:main:%36;inst:main:%37;inst:main:%38,inst:main:%19;inst:main:%20;inst:main:%21;inst:main:%23;inst:main:%24;inst:main:%25;inst:main:%26;inst:main:%27;inst:main:%28;inst:main:%29;inst:main:%30;inst:main:%31;inst:main:%32;inst:main:%33;inst:main:%34;inst:main:%35;inst:main:%36;inst:main:%37;inst:main:%38,
1,expansion,indvars,sccp,indvars,inst:main:%26;inst:main:%28;inst:main:%wide.trip.count,inst:main:%26;inst:main:%28;inst:main:%wide.trip.count,inst:main:%26;inst:main:%28;inst:main:%wide.trip.count,
1,expansion,indvars,loop-rotate,indvars,bb:main:bb10;bb:main:bb11;bb:main:bb9;inst:main:%16;inst:main:%17;inst:main:%19;inst:main:%21;inst:main:%24;inst:main:%26;inst:main:%27;inst:main:%28;inst:main:%29;inst:main:%30;inst:main:%32;inst:main:%34;inst:main:%35;inst:main:%36;inst:main:%37;inst:main:%38;inst:main:%indvars.iv;inst:main:%indvars.iv2;inst:main:bb10:1:store;inst:main:bb10:2:br;inst:main:bb11:1:br;inst:main:bb2:1:br;inst:main:bb3:1:br;inst:main:bb4:2:br;inst:main:bb5:1:br;inst:main:bb6:1:br;inst:main:bb7:1:br;inst:main:bb9:1:br;loop:main:bb3;loop:main:bb6;loop:main:bb9,bb:main:._crit_edge;bb:main:._crit_edge11;bb:main:.lr.ph;bb:main:.lr.ph10;bb:main:bb10;bb:main:bb11;bb:main:bb9;inst:main:%15;inst:main:%16;inst:main:%17;inst:main:%18;inst:main:%19;inst:main:%20;inst:main:%21;inst:main:%23;inst:main:%24;inst:main:%25;inst:main:%26;inst:main:%27;inst:main:%28;inst:main:%29;inst:main:%30;inst:main:%32;inst:main:%33;inst:main:%34;inst:main:%35;inst:main:%36;inst:main:%37;inst:main:%38;inst:main:%exitcond6;inst:main:%indvars.iv;inst:main:%indvars.iv2;inst:main:%indvars.iv28;inst:main:%indvars.iv7;inst:main:._crit_edge11:1:br;inst:main:._crit_edge:1:br;inst:main:.lr.ph10:1:br;inst:main:.lr.ph:1:br;inst:main:bb10:1:store;inst:main:bb10:2:br;inst:main:bb11:1:br;inst:main:bb2:1:br;inst:main:bb3:1:br;inst:main:bb4:2:br;inst:main:bb5:1:br;inst:main:bb6:1:br;inst:main:bb7:1:br;inst:main:bb7:1:store;inst:main:bb7:2:br;inst:main:bb9:1:br;loop:main:bb3;loop:main:bb4;loop:main:bb5;loop:main:bb6;loop:main:bb7;loop:main:bb9,bb:main:._crit_edge11;bb:main:.lr.ph10;inst:main:%21;inst:main:%25;inst:main:%exitcond6;inst:main:%indvars.iv;inst:main:%indvars.iv2;inst:main:%indvars.iv28;inst:main:%indvars.iv7;inst:main:._crit_edge11:1:br;inst:main:.lr.ph10:1:br,inst:main:%15;inst:main:%16;inst:main:%17;inst:main:%18;inst:main:%19;inst:main:%20;inst:main:%23;inst:main:%24;inst:main:%26;inst:main:%27;inst:main:%28;inst:main:%29;inst:main:%30;inst:main:%32;inst:main:%33;inst:main:%34;inst:main:%35;inst:main:%36;inst:main:%38
1,expansion,indvars,loop-unroll,indvars,inst:main:%21;inst:main:%32;inst:main:%34;inst:main:%35;inst:main:%36;inst:main:%37;inst:main:%38;inst:main:bb11:1:br;loop:main:bb6,bb:main:bb12;bb:main:bb13;bb:main:bb14;bb:main:bb15;inst:main:%21;inst:main:%32;inst:main:%34;inst:main:%35;inst:main:%36;inst:main:%37;inst:main:%38;inst:main:%39;inst:main:%40;inst:main:%41;inst:main:%42;inst:main:%44;inst:main:%45;inst:main:%46;inst:main:%47;inst:main:%48;inst:main:%indvars.iv.next3.1;inst:main:%indvars.iv2.1;inst:main:bb11:1:br;inst:main:bb12:1:br;inst:main:bb13:1:br;inst:main:bb14:1:store;inst:main:bb14:2:br;inst:main:bb15:1:br;loop:main:bb13;loop:main:bb6,inst:main:%21;inst:main:%32;inst:main:%34;inst:main:%35;inst:main:%36;inst:main:%38;inst:main:%indvars.iv.next3.1;inst:main:%indvars.iv2.1,inst:main:%39;inst:main:%40;inst:main:%41;inst:main:%42;inst:main:%44;inst:main:%45;inst:main:%46;inst:main:%47;inst:main:%48
1,expansion,loop-unroll,simplifycfg,loop-unroll,bb:main:bb11;bb:main:bb12;bb:main:bb13;bb:main:bb14;bb:main:bb15;inst:main:%10;inst:main:%11;inst:main:%13;inst:main:%15;inst:main:%16;inst:main:%18;inst:main:%19;inst:main:%20;inst:main:%23;inst:main:%24;inst:main:%27;inst:main:%29;inst:main:%30;inst:main:%31;inst:main:%32;inst:main:%33;inst:main:%34;inst:main:%35;inst:main:%39;inst:main:%41;inst:main:%43;inst:main:%44;inst:main:%45;inst:main:%47;inst:main:%48;inst:main:%49;inst:main:%51;inst:main:%52;inst:main:%53;inst:main:%54;inst:main:%55;inst:main:bb10:1:store;inst:main:bb10:2:br;inst:main:bb11:1:br;inst:main:bb12:1:br;inst:main:bb13:1:br;inst:main:bb14:1:store;inst:main:bb14:2:br;inst:main:bb15:1:br;inst:main:bb2:1:br;inst:main:bb3:1:br;inst:main:bb4:1:store;inst:main:bb4:2:br;inst:main:bb5:1:br;inst:main:bb6:1:br;inst:main:bb7:1:br;inst:main:bb8:1:call;inst:main:bb8:2:call;inst:main:bb8:3:ret;inst:main:bb9:1:br;loop:main:bb13;loop:main:bb3;loop:main:bb6;loop:main:bb9,bb:main:bb11;bb:main:bb12;bb:main:bb13;bb:main:bb14;bb:main:bb15;inst:main:%10;inst:main:%11;inst:main:%13;inst:main:%14;inst:main:%15;inst:main:%16;inst:main:%17;inst:main:%18;inst:main:%19;inst:main:%20;inst:main:%21;inst:main:%22;inst:main:%23;inst:main:%24;inst:main:%26;inst:main:%27;inst:main:%28;inst:main:%29;inst:main:%30;inst:main:%31;inst:main:%32;inst:main:%33;inst:main:%34;inst:main:%35;inst:main:%36;inst:main:%38;inst:main:%39;inst:main:%40;inst:main:%41;inst:main:%42;inst:main:%43;inst:main:%44;inst:main:%45;inst:main:%47;inst:main:%48;inst:main:%49;inst:main:%50;inst:main:%51;inst:main:%52;inst:main:%53;inst:main:%54;inst:main:%55;inst:main:%9;inst:main:bb10:1:br;inst:main:bb10:1:store;inst:main:bb10:2:br;inst:main:bb11:1:br;inst:main:bb12:1:br;inst:main:bb13:1:br;inst:main:bb14:1:store;inst:main:bb14:2:br;inst:main:bb15:1:br;inst:main:bb2:1:br;inst:main:bb3:1:br;inst:main:bb3:1:store;inst:main:bb3:2:br;inst:main:bb4:1:br;inst:main:bb4:1:store;inst:main:bb4:2:br;inst:main:bb5:1:br;inst:main:bb6:1:br;inst:main:bb6:1:call;inst:main:bb6:2:call;inst:main:bb6:3:ret;inst:main:bb7:1:br;inst:main:bb7:1:store;inst:main:bb7:2:br;inst:main:bb8:1:br;inst:main:bb8:1:call;inst:main:bb8:2:call;inst:main:bb8:3:ret;inst:main:bb9:1:br;inst:main:bb9:1:store;inst:main:bb9:2:br;loop:main:bb13;loop:main:bb2;loop:main:bb3;loop:main:bb4;loop:main:bb5;loop:main:bb6;loop:main:bb8;loop:main:bb9,bb:main:bb12;bb:main:bb13;bb:main:bb14;bb:main:bb15;inst:main:%39;inst:main:%44;inst:main:%45;inst:main:%47;inst:main:%48;inst:main:%49;inst:main:%50;inst:main:%51;inst:main:%52;inst:main:%53;inst:main:%54;inst:main:%55;inst:main:bb10:1:br;inst:main:bb12:1:br;inst:main:bb13:1:br;inst:main:bb14:1:store;inst:main:bb14:2:br;inst:main:bb15:1:br;inst:main:bb9:1:store;inst:main:bb9:2:br;loop:main:bb13;loop:main:bb8,inst:main:%34;inst:main:%36;inst:main:%38;inst:main:%40;inst:main:%41;inst:main:%42;inst:main:%43;inst:main:bb8:1:br;loop:main:bb4
1,activation,loop-unroll,gvn,loop-unroll,bb:main:bb15;inst:main:%39;inst:main:%41;inst:main:%43;inst:main:%44;inst:main:%45;inst:main:%46;inst:main:%47;inst:main:%48;inst:main:%49;inst:main:%51;inst:main:%52;inst:main:%53;inst:main:%54;inst:main:%55;inst:main:bb12:1:br;inst:main:bb13:1:br;inst:main:bb14:1:store;inst:main:bb14:2:br;inst:main:bb15:1:br;loop:main:bb13;loop:main:bb6,bb:main:bb15;inst:main:%38;inst:main:%39;inst:main:%40;inst:main:%41;inst:main:%42;inst:main:%43;inst:main:%44;inst:main:%45;inst:main:%46;inst:main:%47;inst:main:%48;inst:main:%49;inst:main:%50;inst:main:%51;inst:main:%52;inst:main:%53;inst:main:%54;inst:main:%55;inst:main:bb12:1:br;inst:main:bb13:1:br;inst:main:bb13:1:store;inst:main:bb13:2:br;inst:main:bb14:1:br;inst:main:bb14:1:store;inst:main:bb14:2:br;inst:main:bb15:1:br;loop:main:bb12;loop:main:bb13;loop:main:bb6,bb:main:bb15;inst:main:%38;inst:main:%39;inst:main:%40;inst:main:%41;inst:main:%42;inst:main:%43;inst:main:%44;inst:main:%45;inst:main:%46;inst:main:%47;inst:main:%48;inst:main:%49;inst:main:%50;inst:main:%51;inst:main:%52;inst:main:%53;inst:main:%54;inst:main:%55;inst:main:bb12:1:br;inst:main:bb13:1:br;inst:main:bb13:1:store;inst:main:bb13:2:br;inst:main:bb14:1:br;inst:main:bb14:1:store;inst:main:bb14:2:br;inst:main:bb15:1:br;loop:main:bb12;loop:main:bb13;loop:main:bb6,
1,expansion,loop-unroll,sccp,loop-unroll,inst:main:%30;inst:main:%44,inst:main:%30;inst:main:%44,inst:main:%44,
1,expansion,loop-unroll,loop-rotate,loop-unroll,bb:main:bb12;bb:main:bb13;bb:main:bb14;bb:main:bb15;inst:main:%.in;inst:main:%.in.1;inst:main:%15;inst:main:%16;inst:main:%18;inst:main:%19;inst:main:%20;inst:main:%24;inst:main:%27;inst:main:%29;inst:main:%30;inst:main:%31;inst:main:%32;inst:main:%33;inst:main:%34;inst:main:%35;inst:main:%39;inst:main:%41;inst:main:%43;inst:main:%44;inst:main:%47;inst:main:%48;inst:main:%49;inst:main:%51;inst:main:%52;inst:main:%53;inst:main:%54;inst:main:%55;inst:main:bb10:2:br;inst:main:bb11:1:br;inst:main:bb12:1:br;inst:main:bb13:1:br;inst:main:bb14:1:store;inst:main:bb14:2:br;inst:main:bb15:1:br;inst:main:bb2:1:br;inst:main:bb3:1:br;inst:main:bb4:2:br;inst:main:bb5:1:br;inst:main:bb6:1:br;inst:main:bb7:1:br;inst:main:bb8:1:call;inst:main:bb8:2:call;inst:main:bb8:3:ret;inst:main:bb9:1:br;loop:main:bb13;loop:main:bb3;loop:main:bb6;loop:main:bb9,bb:main:._crit_edge;bb:main:._crit_edge4;bb:main:._crit_edge8;bb:main:.lr.ph;bb:main:.lr.ph3;bb:main:.lr.ph7;bb:main:bb12;bb:main:bb13;bb:main:bb14;bb:main:bb15;inst:main:%.in;inst:main:%.in.1;inst:main:%.in.15;inst:main:%.in1;inst:main:%14;inst:main:%15;inst:main:%16;inst:main:%17;inst:main:%18;inst:main:%19;inst:main:%20;inst:main:%24;inst:main:%26;inst:main:%27;inst:main:%28;inst:main:%29;inst:main:%30;inst:main:%31;inst:main:%32;inst:main:%33;inst:main:%34;inst:main:%35;inst:main:%36;inst:main:%38;inst:main:%39;inst:main:%41;inst:main:%42;inst:main:%43;inst:main:%44;inst:main:%47;inst:main:%48;inst:main:%49;inst:main:%50;inst:main:%51;inst:main:%52;inst:main:%53;inst:main:%54;inst:main:%55;inst:main:._crit_edge4:1:br;inst:main:._crit_edge8:1:br;inst:main:._crit_edge:1:br;inst:main:.lr.ph3:1:br;inst:main:.lr.ph7:1:br;inst:main:.lr.ph:1:br;inst:main:bb10:2:br;inst:main:bb11:1:br;inst:main:bb11:1:call;inst:main:bb11:2:call;inst:main:bb11:3:ret;inst:main:bb12:1:br;inst:main:bb13:1:br;inst:main:bb14:1:store;inst:main:bb14:2:br;inst:main:bb15:1:br;inst:main:bb2:1:br;inst:main:bb3:1:br;inst:main:bb4:2:br;inst:main:bb5:1:br;inst:main:bb6:1:br;inst:main:bb7:1:br;inst:main:bb7:1:store;inst:main:bb7:2:br;inst:main:bb8:1:br;inst:main:bb8:1:call;inst:main:bb8:2:call;inst:main:bb8:3:ret;inst:main:bb9:1:br;loop:main:bb10;loop:main:bb13;loop:main:bb3;loop:main:bb4;loop:main:bb5;loop:main:bb6;loop:main:bb7;loop:main:bb9,bb:main:._crit_edge8;bb:main:.lr.ph7;bb:main:bb12;bb:main:bb13;bb:main:bb14;bb:main:bb15;inst:main:%.in.1;inst:main:%.in.15;inst:main:%44;inst:main:%47;inst:main:%48;inst:main:%49;inst:main:%50;inst:main:%51;inst:main:%52;inst:main:%53;inst:main:%54;inst:main:%55;inst:main:._crit_edge8:1:br;inst:main:.lr.ph7:1:br;inst:main:bb11:1:call;inst:main:bb11:2:call;inst:main:bb11:3:ret;inst:main:bb12:1:br;inst:main:bb13:1:br;inst:main:bb14:1:store;inst:main:bb14:2:br;inst:main:bb15:1:br;inst:main:bb8:1:br;inst:main:bb8:1:call;inst:main:bb8:2:call;inst:main:bb8:3:ret;loop:main:bb10;loop:main:bb13,inst:main:%35;inst:main:%36;inst:main:%38;inst:main:%39;inst:main:%41;inst:main:%42;inst:main:%43;inst:main:bb10:2:br;inst:main:bb6:1:br;inst:main:bb9:1:br;loop:main:bb5
1,expansion,loop-unroll,indvars,loop-unroll,inst:main:%.in;inst:main:%.in.1;inst:main:%12;inst:main:%13;inst:main:%15;inst:main:%16;inst:main:%18;inst:main:%19;inst:main:%20;inst:main:%23;inst:main:%24;inst:main:%27;inst:main:%29;inst:main:%30;inst:main:%31;inst:main:%32;inst:main:%33;inst:main:%34;inst:main:%35;inst:main:%39;inst:main:%41;inst:main:%43;inst:main:%44;inst:main:%45;inst:main:%46;inst:main:%47;inst:main:%49;inst:main:%51;inst:main:%52;inst:main:%53;inst:main:%54;inst:main:%55;inst:main:%7;inst:main:bb8:1:call;inst:main:bb8:2:call,inst:main:%.in;inst:main:%.in.1;inst:main:%12;inst:main:%13;inst:main:%15;inst:main:%16;inst:main:%17;inst:main:%18;inst:main:%19;inst:main:%20;inst:main:%21;inst:main:%22;inst:main:%23;inst:main:%24;inst:main:%25;inst:main:%27;inst:main:%28;inst:main:%29;inst:main:%30;inst:main:%31;inst:main:%32;inst:main:%33;inst:main:%34;inst:main:%35;inst:main:%37;inst:main:%39;inst:main:%40;inst:main:%41;inst:main:%42;inst:main:%43;inst:main:%44;inst:main:%45;inst:main:%46;inst:main:%47;inst:main:%49;inst:main:%51;inst:main:%52;inst:main:%53;inst:main:%54;inst:main:%55;inst:main:%7;inst:main:%exitcond;inst:main:%indvars.iv;inst:main:%indvars.iv.next;inst:main:%indvars.iv.next3;inst:main:%indvars.iv.next6;inst:main:%indvars.iv2;inst:main:%indvars.iv5;inst:main:%smax;inst:main:%wide.trip.count;inst:main:bb8:1:call;inst:main:bb8:2:call,inst:main:%.in.1;inst:main:%22;inst:main:%25;inst:main:%34;inst:main:%44;inst:main:%45;inst:main:%46;inst:main:%47;inst:main:%49;inst:main:%51;inst:main:%52;inst:main:%53;inst:main:%54;inst:main:%55;inst:main:%indvars.iv.next6;inst:main:%indvars.iv5,inst:main:%21;inst:main:%24;inst:main:%27;inst:main:%28;inst:main:%29;inst:main:%30;inst:main:%31;inst:main:%32;inst:main:%35;inst:main:%37;inst:main:%39;inst:main:%40;inst:main:%41;inst:main:%42;inst:main:%43
