benchmark,pass_a,pass_b,footprint_classification,agreement,commute,direction_classification,overlap_pattern,read_write_strength,enablement_edge_kinds,uncertainty_risk,a_only_path,b_only_path,ab_path,ba_path,ab_equals_ba_text,a_only_sha256,b_only_sha256,ab_sha256,ba_sha256
BenchmarkGame_fannkuch,early-cse,gvn,uncertain,uncertain_non_commuting,false,order_sensitive,mixed,weak,expansion,high,results\benchmark_suite_extra\BenchmarkGame_fannkuch\pass_outputs\early-cse.after.ll,results\benchmark_suite_extra\BenchmarkGame_fannkuch\pass_outputs\gvn.after.ll,results\benchmark_suite_extra\BenchmarkGame_fannkuch\commutativity\early-cse__then__gvn.ll,results\benchmark_suite_extra\BenchmarkGame_fannkuch\commutativity\gvn__then__early-cse.ll,false,5683fe9b2492978f340144af6e8038e2856f74f7fb1de6bed901d309f06e54ce,f9f52868c5d4cb733bd279a6218e8d5e0a492fbbb43bcfbbf048b4382557eaea,ad9d057363873912b6f5ccff87af1fd001d869a035b54384a557adec999fb9e2,f9f52868c5d4cb733bd279a6218e8d5e0a492fbbb43bcfbbf048b4382557eaea
BenchmarkGame_fannkuch,early-cse,instcombine,uncertain,uncertain_non_commuting,false,order_sensitive,mixed,weak,expansion,high,results\benchmark_suite_extra\BenchmarkGame_fannkuch\pass_outputs\early-cse.after.ll,results\benchmark_suite_extra\BenchmarkGame_fannkuch\pass_outputs\instcombine.after.ll,results\benchmark_suite_extra\BenchmarkGame_fannkuch\commutativity\instcombine__then__early-cse.ll,results\benchmark_suite_extra\BenchmarkGame_fannkuch\commutativity\early-cse__then__instcombine.ll,false,5683fe9b2492978f340144af6e8038e2856f74f7fb1de6bed901d309f06e54ce,15976f41e0d869c4458c34412a66f423b0253989baf899d820008ff0f5951968,06bfa547a89904960e23c7ac06ddc715be347c24cbd09ddd10cfce508bf376ce,bbf098a1725d5411f2281b878a2b441e35bf2c4849964a816bb812a58c9980da
BenchmarkGame_fannkuch,early-cse,loop-rotate,uncertain,uncertain_non_commuting,false,order_sensitive,mixed,weak,expansion,high,results\benchmark_suite_extra\BenchmarkGame_fannkuch\pass_outputs\early-cse.after.ll,results\benchmark_suite_extra\BenchmarkGame_fannkuch\pass_outputs\loop-rotate.after.ll,results\benchmark_suite_extra\BenchmarkGame_fannkuch\commutativity\early-cse__then__loop-rotate.ll,results\benchmark_suite_extra\BenchmarkGame_fannkuch\commutativity\loop-rotate__then__early-cse.ll,false,5683fe9b2492978f340144af6e8038e2856f74f7fb1de6bed901d309f06e54ce,d014685dddaa44a183eb90c0d1a239b15490497760f085a526f72c6a31ad6128,537a30b9be59859f97d00bc6dad27c45990652137b2f935fa74453a57276c009,a3d2ae4a2c76f1992d29e8eefabdf9c539b1aed3915427dbbf9b42c786bd59a0
BenchmarkGame_fannkuch,early-cse,sccp,uncertain,uncertain_non_commuting,false,order_sensitive,symmetric_rewrite,weak,expansion,high,results\benchmark_suite_extra\BenchmarkGame_fannkuch\pass_outputs\early-cse.after.ll,results\benchmark_suite_extra\BenchmarkGame_fannkuch\pass_outputs\sccp.after.ll,results\benchmark_suite_extra\BenchmarkGame_fannkuch\commutativity\early-cse__then__sccp.ll,results\benchmark_suite_extra\BenchmarkGame_fannkuch\commutativity\sccp__then__early-cse.ll,false,5683fe9b2492978f340144af6e8038e2856f74f7fb1de6bed901d309f06e54ce,3e0995b0148e525a2e17f57938e5eda32c0a37b0d64fded848a83011d589c05e,2011f5302cb02b8d0654679b24398e2b32b301627e6b7c28ddf502c79da96f63,5683fe9b2492978f340144af6e8038e2856f74f7fb1de6bed901d309f06e54ce
BenchmarkGame_fannkuch,early-cse,sroa,uncertain,uncertain_non_commuting,false,order_sensitive,mixed,weak,expansion,high,results\benchmark_suite_extra\BenchmarkGame_fannkuch\pass_outputs\early-cse.after.ll,results\benchmark_suite_extra\BenchmarkGame_fannkuch\pass_outputs\sroa.after.ll,results\benchmark_suite_extra\BenchmarkGame_fannkuch\commutativity\sroa__then__early-cse.ll,results\benchmark_suite_extra\BenchmarkGame_fannkuch\commutativity\early-cse__then__sroa.ll,false,5683fe9b2492978f340144af6e8038e2856f74f7fb1de6bed901d309f06e54ce,57f5ec7391693b3bdef0a6810dcf3c02bc88e98151833e7be43f4ff68ef7340a,6fb9c3c5fbf830706518eb5cb141ec1df7cfaeb34dda7c25328fcd17b44197a3,073f6bf2f1af86344ea9b7cdca2eea3e5c6055e3b2f3b653d71da20e6308abb9
BenchmarkGame_fannkuch,gvn,sccp,uncertain,uncertain_non_commuting,false,order_sensitive,symmetric_rewrite,weak,expansion,high,results\benchmark_suite_extra\BenchmarkGame_fannkuch\pass_outputs\gvn.after.ll,results\benchmark_suite_extra\BenchmarkGame_fannkuch\pass_outputs\sccp.after.ll,results\benchmark_suite_extra\BenchmarkGame_fannkuch\commutativity\gvn__then__sccp.ll,results\benchmark_suite_extra\BenchmarkGame_fannkuch\commutativity\sccp__then__gvn.ll,false,f9f52868c5d4cb733bd279a6218e8d5e0a492fbbb43bcfbbf048b4382557eaea,3e0995b0148e525a2e17f57938e5eda32c0a37b0d64fded848a83011d589c05e,3f55fe18a3cc037bd82d9f938555a42ba1b32b75c0300bd20af39e302b308573,f9f52868c5d4cb733bd279a6218e8d5e0a492fbbb43bcfbbf048b4382557eaea
BenchmarkGame_fannkuch,instcombine,sccp,uncertain,uncertain_commuting,true,same_direction_rewrite_candidate,symmetric_rewrite,weak,,low,results\benchmark_suite_extra\BenchmarkGame_fannkuch\pass_outputs\instcombine.after.ll,results\benchmark_suite_extra\BenchmarkGame_fannkuch\pass_outputs\sccp.after.ll,results\benchmark_suite_extra\BenchmarkGame_fannkuch\commutativity\instcombine__then__sccp.ll,results\benchmark_suite_extra\BenchmarkGame_fannkuch\commutativity\sccp__then__instcombine.ll,true,15976f41e0d869c4458c34412a66f423b0253989baf899d820008ff0f5951968,3e0995b0148e525a2e17f57938e5eda32c0a37b0d64fded848a83011d589c05e,15976f41e0d869c4458c34412a66f423b0253989baf899d820008ff0f5951968,15976f41e0d869c4458c34412a66f423b0253989baf899d820008ff0f5951968
BenchmarkGame_fannkuch,loop-rotate,sccp,uncertain,uncertain_commuting,true,same_direction_rewrite_candidate,symmetric_rewrite,weak,expansion;mutation,high,results\benchmark_suite_extra\BenchmarkGame_fannkuch\pass_outputs\loop-rotate.after.ll,results\benchmark_suite_extra\BenchmarkGame_fannkuch\pass_outputs\sccp.after.ll,results\benchmark_suite_extra\BenchmarkGame_fannkuch\commutativity\sccp__then__loop-rotate.ll,results\benchmark_suite_extra\BenchmarkGame_fannkuch\commutativity\loop-rotate__then__sccp.ll,true,d014685dddaa44a183eb90c0d1a239b15490497760f085a526f72c6a31ad6128,3e0995b0148e525a2e17f57938e5eda32c0a37b0d64fded848a83011d589c05e,e4c80837401c78423bb6eec228f5fdc59ba0aebef7337f69395a6fa6f0f10980,e4c80837401c78423bb6eec228f5fdc59ba0aebef7337f69395a6fa6f0f10980
BenchmarkGame_fannkuch,sccp,simplifycfg,uncertain,uncertain_commuting,true,same_direction_rewrite_candidate,symmetric_rewrite,weak,expansion;mutation,high,results\benchmark_suite_extra\BenchmarkGame_fannkuch\pass_outputs\sccp.after.ll,results\benchmark_suite_extra\BenchmarkGame_fannkuch\pass_outputs\simplifycfg.after.ll,results\benchmark_suite_extra\BenchmarkGame_fannkuch\commutativity\simplifycfg__then__sccp.ll,results\benchmark_suite_extra\BenchmarkGame_fannkuch\commutativity\sccp__then__simplifycfg.ll,true,3e0995b0148e525a2e17f57938e5eda32c0a37b0d64fded848a83011d589c05e,061a3fe4307da5032c699cbe4b2b47de928ed5b4a3f27ac657b894636749a50b,2c4a09ec9da6d24ff3278f43ea8e5a154246cd2176af43e2b9180042691d923c,2c4a09ec9da6d24ff3278f43ea8e5a154246cd2176af43e2b9180042691d923c
BenchmarkGame_fannkuch,sccp,sroa,uncertain,uncertain_non_commuting,false,order_sensitive,symmetric_rewrite,weak,expansion;mutation,high,results\benchmark_suite_extra\BenchmarkGame_fannkuch\pass_outputs\sccp.after.ll,results\benchmark_suite_extra\BenchmarkGame_fannkuch\pass_outputs\sroa.after.ll,results\benchmark_suite_extra\BenchmarkGame_fannkuch\commutativity\sroa__then__sccp.ll,results\benchmark_suite_extra\BenchmarkGame_fannkuch\commutativity\sccp__then__sroa.ll,false,3e0995b0148e525a2e17f57938e5eda32c0a37b0d64fded848a83011d589c05e,57f5ec7391693b3bdef0a6810dcf3c02bc88e98151833e7be43f4ff68ef7340a,7adbacf2683252c3dc990d6a5aa90879b65472817990cb07c28ecbdeffc6bb1c,d9096cf478a77fa025b4f2d6856d1b56b0e702bda02f5ba2de4b039840b6d7f5
BenchmarkGame_n_body,early-cse,gvn,uncertain,uncertain_commuting,true,commuting_uncertain,mixed,weak,expansion,high,results\benchmark_suite_extra\BenchmarkGame_n_body\pass_outputs\early-cse.after.ll,results\benchmark_suite_extra\BenchmarkGame_n_body\pass_outputs\gvn.after.ll,results\benchmark_suite_extra\BenchmarkGame_n_body\commutativity\early-cse__then__gvn.ll,results\benchmark_suite_extra\BenchmarkGame_n_body\commutativity\gvn__then__early-cse.ll,true,581382ef1f5b4b62c7dfc763800fec050e631d6901c007234f460d61bc6e4921,a9cf101a8a9e2c47dec9be9731c37251dcc7442ffa09d5b41432523d704c3b87,a9cf101a8a9e2c47dec9be9731c37251dcc7442ffa09d5b41432523d704c3b87,a9cf101a8a9e2c47dec9be9731c37251dcc7442ffa09d5b41432523d704c3b87
BenchmarkGame_n_body,early-cse,loop-rotate,uncertain,uncertain_non_commuting,false,order_sensitive,mixed,weak,expansion,high,results\benchmark_suite_extra\BenchmarkGame_n_body\pass_outputs\early-cse.after.ll,results\benchmark_suite_extra\BenchmarkGame_n_body\pass_outputs\loop-rotate.after.ll,results\benchmark_suite_extra\BenchmarkGame_n_body\commutativity\early-cse__then__loop-rotate.ll,results\benchmark_suite_extra\BenchmarkGame_n_body\commutativity\loop-rotate__then__early-cse.ll,false,581382ef1f5b4b62c7dfc763800fec050e631d6901c007234f460d61bc6e4921,0935fa23ee2dec65c6bfbc02e628b0514dfa2a12ddc911d7a339a29d67755c53,7f247a5084c4b48ead02b3c53cea584b6efaa28e3149b1008123fb190abca4a3,56ab562bbae51243405976e37b3bc62405aed5315e90fd0d01216fdbda41df3b
BenchmarkGame_n_body,early-cse,sccp,uncertain,uncertain_commuting,true,same_direction_rewrite_candidate,symmetric_rewrite,weak,,low,results\benchmark_suite_extra\BenchmarkGame_n_body\pass_outputs\early-cse.after.ll,results\benchmark_suite_extra\BenchmarkGame_n_body\pass_outputs\sccp.after.ll,results\benchmark_suite_extra\BenchmarkGame_n_body\commutativity\early-cse__then__sccp.ll,results\benchmark_suite_extra\BenchmarkGame_n_body\commutativity\sccp__then__early-cse.ll,true,581382ef1f5b4b62c7dfc763800fec050e631d6901c007234f460d61bc6e4921,532b8ad1c1f631b8ada7cfa5d26651cc2ed5f219209f7ac263ab731c51275815,581382ef1f5b4b62c7dfc763800fec050e631d6901c007234f460d61bc6e4921,581382ef1f5b4b62c7dfc763800fec050e631d6901c007234f460d61bc6e4921
BenchmarkGame_n_body,early-cse,simplifycfg,uncertain,uncertain_commuting,true,commuting_uncertain,mixed,weak,expansion,high,results\benchmark_suite_extra\BenchmarkGame_n_body\pass_outputs\early-cse.after.ll,results\benchmark_suite_extra\BenchmarkGame_n_body\pass_outputs\simplifycfg.after.ll,results\benchmark_suite_extra\BenchmarkGame_n_body\commutativity\simplifycfg__then__early-cse.ll,results\benchmark_suite_extra\BenchmarkGame_n_body\commutativity\early-cse__then__simplifycfg.ll,true,581382ef1f5b4b62c7dfc763800fec050e631d6901c007234f460d61bc6e4921,8f2f1a98a5fe3d5383f80b3fd750b81007eddba85aa795c72e2526b21c6e7861,a73057e63c711ec88d9790f648a34b31f7c7d6c1c6cbe712798636e75be32a2a,a73057e63c711ec88d9790f648a34b31f7c7d6c1c6cbe712798636e75be32a2a
BenchmarkGame_n_body,early-cse,sroa,uncertain,uncertain_non_commuting,false,order_sensitive,mixed,weak,expansion,high,results\benchmark_suite_extra\BenchmarkGame_n_body\pass_outputs\early-cse.after.ll,results\benchmark_suite_extra\BenchmarkGame_n_body\pass_outputs\sroa.after.ll,results\benchmark_suite_extra\BenchmarkGame_n_body\commutativity\sroa__then__early-cse.ll,results\benchmark_suite_extra\BenchmarkGame_n_body\commutativity\early-cse__then__sroa.ll,false,581382ef1f5b4b62c7dfc763800fec050e631d6901c007234f460d61bc6e4921,d61eae5b79237ddd4d811ccb0301fab771b880bddccb7ff1f89703288dc7dd38,3a9dc9716520ff0e250cb88be18dbfe7f33a58fa0c9a1856675da8f3429d7ca2,7c30b03ee1c7fa9b2dd55a07d91062c7c11dcde25f70c729474628ef35ab6f05
BenchmarkGame_n_body,gvn,sccp,uncertain,uncertain_commuting,true,same_direction_rewrite_candidate,symmetric_rewrite,weak,,low,results\benchmark_suite_extra\BenchmarkGame_n_body\pass_outputs\gvn.after.ll,results\benchmark_suite_extra\BenchmarkGame_n_body\pass_outputs\sccp.after.ll,results\benchmark_suite_extra\BenchmarkGame_n_body\commutativity\gvn__then__sccp.ll,results\benchmark_suite_extra\BenchmarkGame_n_body\commutativity\sccp__then__gvn.ll,true,a9cf101a8a9e2c47dec9be9731c37251dcc7442ffa09d5b41432523d704c3b87,532b8ad1c1f631b8ada7cfa5d26651cc2ed5f219209f7ac263ab731c51275815,a9cf101a8a9e2c47dec9be9731c37251dcc7442ffa09d5b41432523d704c3b87,a9cf101a8a9e2c47dec9be9731c37251dcc7442ffa09d5b41432523d704c3b87
BenchmarkGame_n_body,gvn,simplifycfg,dependent,false_positive,true,commuting_false_positive,mixed,strong,expansion,none,results\benchmark_suite_extra\BenchmarkGame_n_body\pass_outputs\gvn.after.ll,results\benchmark_suite_extra\BenchmarkGame_n_body\pass_outputs\simplifycfg.after.ll,results\benchmark_suite_extra\BenchmarkGame_n_body\commutativity\simplifycfg__then__gvn.ll,results\benchmark_suite_extra\BenchmarkGame_n_body\commutativity\gvn__then__simplifycfg.ll,true,a9cf101a8a9e2c47dec9be9731c37251dcc7442ffa09d5b41432523d704c3b87,8f2f1a98a5fe3d5383f80b3fd750b81007eddba85aa795c72e2526b21c6e7861,a9cf101a8a9e2c47dec9be9731c37251dcc7442ffa09d5b41432523d704c3b87,a9cf101a8a9e2c47dec9be9731c37251dcc7442ffa09d5b41432523d704c3b87
BenchmarkGame_n_body,instcombine,sccp,uncertain,uncertain_commuting,true,same_direction_rewrite_candidate,symmetric_rewrite,weak,,low,results\benchmark_suite_extra\BenchmarkGame_n_body\pass_outputs\instcombine.after.ll,results\benchmark_suite_extra\BenchmarkGame_n_body\pass_outputs\sccp.after.ll,results\benchmark_suite_extra\BenchmarkGame_n_body\commutativity\instcombine__then__sccp.ll,results\benchmark_suite_extra\BenchmarkGame_n_body\commutativity\sccp__then__instcombine.ll,true,24b7b5675f022320efd2241fac0a357ee14a6588dc8e56f958e9bb123f33a0a3,532b8ad1c1f631b8ada7cfa5d26651cc2ed5f219209f7ac263ab731c51275815,24b7b5675f022320efd2241fac0a357ee14a6588dc8e56f958e9bb123f33a0a3,24b7b5675f022320efd2241fac0a357ee14a6588dc8e56f958e9bb123f33a0a3
BenchmarkGame_n_body,loop-rotate,sccp,uncertain,uncertain_commuting,true,same_direction_rewrite_candidate,symmetric_rewrite,weak,expansion;mutation,high,results\benchmark_suite_extra\BenchmarkGame_n_body\pass_outputs\loop-rotate.after.ll,results\benchmark_suite_extra\BenchmarkGame_n_body\pass_outputs\sccp.after.ll,results\benchmark_suite_extra\BenchmarkGame_n_body\commutativity\sccp__then__loop-rotate.ll,results\benchmark_suite_extra\BenchmarkGame_n_body\commutativity\loop-rotate__then__sccp.ll,true,0935fa23ee2dec65c6bfbc02e628b0514dfa2a12ddc911d7a339a29d67755c53,532b8ad1c1f631b8ada7cfa5d26651cc2ed5f219209f7ac263ab731c51275815,e838a8776e1d8c66474a9480d7695a0c0e927c81852ec3370791a67ad33a5361,e838a8776e1d8c66474a9480d7695a0c0e927c81852ec3370791a67ad33a5361
BenchmarkGame_n_body,sccp,simplifycfg,uncertain,uncertain_commuting,true,same_direction_rewrite_candidate,symmetric_rewrite,weak,expansion;mutation,high,results\benchmark_suite_extra\BenchmarkGame_n_body\pass_outputs\sccp.after.ll,results\benchmark_suite_extra\BenchmarkGame_n_body\pass_outputs\simplifycfg.after.ll,results\benchmark_suite_extra\BenchmarkGame_n_body\commutativity\simplifycfg__then__sccp.ll,results\benchmark_suite_extra\BenchmarkGame_n_body\commutativity\sccp__then__simplifycfg.ll,true,532b8ad1c1f631b8ada7cfa5d26651cc2ed5f219209f7ac263ab731c51275815,8f2f1a98a5fe3d5383f80b3fd750b81007eddba85aa795c72e2526b21c6e7861,96dd100410ae49d6478443fd2d71d1b98a50dfbc3dc1db7117c7b63a494ea5de,96dd100410ae49d6478443fd2d71d1b98a50dfbc3dc1db7117c7b63a494ea5de
BenchmarkGame_n_body,sccp,sroa,uncertain,uncertain_commuting,true,same_direction_rewrite_candidate,symmetric_rewrite,weak,expansion;mutation,high,results\benchmark_suite_extra\BenchmarkGame_n_body\pass_outputs\sccp.after.ll,results\benchmark_suite_extra\BenchmarkGame_n_body\pass_outputs\sroa.after.ll,results\benchmark_suite_extra\BenchmarkGame_n_body\commutativity\sroa__then__sccp.ll,results\benchmark_suite_extra\BenchmarkGame_n_body\commutativity\sccp__then__sroa.ll,true,532b8ad1c1f631b8ada7cfa5d26651cc2ed5f219209f7ac263ab731c51275815,d61eae5b79237ddd4d811ccb0301fab771b880bddccb7ff1f89703288dc7dd38,2087164145f77f9907624643500a1b2d9e4ad4db27abcf26402f182131a04cf5,2087164145f77f9907624643500a1b2d9e4ad4db27abcf26402f182131a04cf5
Misc_evalloop,early-cse,gvn,uncertain,uncertain_commuting,true,commuting_uncertain,mixed,weak,expansion,high,results\benchmark_suite_extra\Misc_evalloop\pass_outputs\early-cse.after.ll,results\benchmark_suite_extra\Misc_evalloop\pass_outputs\gvn.after.ll,results\benchmark_suite_extra\Misc_evalloop\commutativity\early-cse__then__gvn.ll,results\benchmark_suite_extra\Misc_evalloop\commutativity\gvn__then__early-cse.ll,true,0759aa4493509670a257f92b801bbd66e5ae558ef1f174ff97ecf6ba56d5647a,9430696c7acae920e711d21f69892e9b69c4461bc3858aefdfda6557e421c399,9430696c7acae920e711d21f69892e9b69c4461bc3858aefdfda6557e421c399,9430696c7acae920e711d21f69892e9b69c4461bc3858aefdfda6557e421c399
Misc_evalloop,early-cse,instcombine,uncertain,uncertain_commuting,true,commuting_uncertain,mixed,weak,expansion,high,results\benchmark_suite_extra\Misc_evalloop\pass_outputs\early-cse.after.ll,results\benchmark_suite_extra\Misc_evalloop\pass_outputs\instcombine.after.ll,results\benchmark_suite_extra\Misc_evalloop\commutativity\instcombine__then__early-cse.ll,results\benchmark_suite_extra\Misc_evalloop\commutativity\early-cse__then__instcombine.ll,true,0759aa4493509670a257f92b801bbd66e5ae558ef1f174ff97ecf6ba56d5647a,1a5a978a8083c26acf982c2bc090abae3d46c71b7435a09fd2fbc6408fe6dd35,12387896bd7f5d010c9acdedb8fe77a65397596cfe023440e2498a518fff4e12,12387896bd7f5d010c9acdedb8fe77a65397596cfe023440e2498a518fff4e12
Misc_evalloop,early-cse,loop-rotate,uncertain,uncertain_non_commuting,false,order_sensitive,mixed,weak,expansion,high,results\benchmark_suite_extra\Misc_evalloop\pass_outputs\early-cse.after.ll,results\benchmark_suite_extra\Misc_evalloop\pass_outputs\loop-rotate.after.ll,results\benchmark_suite_extra\Misc_evalloop\commutativity\early-cse__then__loop-rotate.ll,results\benchmark_suite_extra\Misc_evalloop\commutativity\loop-rotate__then__early-cse.ll,false,0759aa4493509670a257f92b801bbd66e5ae558ef1f174ff97ecf6ba56d5647a,f43797f5f473152c819f69ff4421c9dc9dd02aaccdc2ccad2afbad51ec80ddf1,e620f183aee01819fa860df330608098137d1013ecc29f0e47cc44f4dc29fb1f,aad8e4c281226f82218368a28c96fc3c352de550eaf35bd879fb38458c2166b2
Misc_evalloop,early-cse,sccp,uncertain,uncertain_commuting,true,same_direction_rewrite_candidate,symmetric_rewrite,weak,expansion;mutation,high,results\benchmark_suite_extra\Misc_evalloop\pass_outputs\early-cse.after.ll,results\benchmark_suite_extra\Misc_evalloop\pass_outputs\sccp.after.ll,results\benchmark_suite_extra\Misc_evalloop\commutativity\early-cse__then__sccp.ll,results\benchmark_suite_extra\Misc_evalloop\commutativity\sccp__then__early-cse.ll,true,0759aa4493509670a257f92b801bbd66e5ae558ef1f174ff97ecf6ba56d5647a,70b406ea467b8b277db359bbd3284ca0e820ef2f4535e63b5f1ac6eaac918246,bd9daa93078505c0ae8ac7570d65b3844420fdb0209b1a51d2466b37142846c9,bd9daa93078505c0ae8ac7570d65b3844420fdb0209b1a51d2466b37142846c9
Misc_evalloop,early-cse,simplifycfg,uncertain,uncertain_commuting,true,commuting_uncertain,mixed,weak,expansion,high,results\benchmark_suite_extra\Misc_evalloop\pass_outputs\early-cse.after.ll,results\benchmark_suite_extra\Misc_evalloop\pass_outputs\simplifycfg.after.ll,results\benchmark_suite_extra\Misc_evalloop\commutativity\simplifycfg__then__early-cse.ll,results\benchmark_suite_extra\Misc_evalloop\commutativity\early-cse__then__simplifycfg.ll,true,0759aa4493509670a257f92b801bbd66e5ae558ef1f174ff97ecf6ba56d5647a,b2cffc1633df418a2788ddf22c468b408c43564eb3e170762af9efc34a252831,a9bf01c71492d9599641829876fe53c1c06ec8b3855091e67cbe9354b58ab309,a9bf01c71492d9599641829876fe53c1c06ec8b3855091e67cbe9354b58ab309
Misc_evalloop,early-cse,sroa,uncertain,uncertain_non_commuting,false,order_sensitive,mixed,weak,expansion,high,results\benchmark_suite_extra\Misc_evalloop\pass_outputs\early-cse.after.ll,results\benchmark_suite_extra\Misc_evalloop\pass_outputs\sroa.after.ll,results\benchmark_suite_extra\Misc_evalloop\commutativity\sroa__then__early-cse.ll,results\benchmark_suite_extra\Misc_evalloop\commutativity\early-cse__then__sroa.ll,false,0759aa4493509670a257f92b801bbd66e5ae558ef1f174ff97ecf6ba56d5647a,44bea483899f34ecf0673e0b0c9ad1ace6a31d5d4894026aac5b10148835a156,44bea483899f34ecf0673e0b0c9ad1ace6a31d5d4894026aac5b10148835a156,c7031e7bfda9484fb5fcac73323255b570091c51cc7c29a15762daa9daa613c0
Misc_evalloop,gvn,loop-simplify,uncertain,uncertain_non_commuting,false,order_sensitive,none,none,mutation,high,results\benchmark_suite_extra\Misc_evalloop\pass_outputs\gvn.after.ll,results\benchmark_suite_extra\Misc_evalloop\pass_outputs\loop-simplify.after.ll,results\benchmark_suite_extra\Misc_evalloop\commutativity\gvn__then__loop-simplify.ll,results\benchmark_suite_extra\Misc_evalloop\commutativity\loop-simplify__then__gvn.ll,false,9430696c7acae920e711d21f69892e9b69c4461bc3858aefdfda6557e421c399,318ac2228bbd5bc752f6ad9d61d1f9e842e1f64d23a38897cba96ba74bb0ea30,8b5449862112d42c11905532df6e1aba5576c83708668eeb968819c4847d1276,b57627d50e63e1eda473f123f822476da95a20377a6e68c1d6ea4fc7db493874
Misc_evalloop,gvn,sccp,uncertain,uncertain_commuting,true,same_direction_rewrite_candidate,symmetric_rewrite,weak,expansion;mutation,high,results\benchmark_suite_extra\Misc_evalloop\pass_outputs\gvn.after.ll,results\benchmark_suite_extra\Misc_evalloop\pass_outputs\sccp.after.ll,results\benchmark_suite_extra\Misc_evalloop\commutativity\gvn__then__sccp.ll,results\benchmark_suite_extra\Misc_evalloop\commutativity\sccp__then__gvn.ll,true,9430696c7acae920e711d21f69892e9b69c4461bc3858aefdfda6557e421c399,70b406ea467b8b277db359bbd3284ca0e820ef2f4535e63b5f1ac6eaac918246,b8b7cbf431b652a2800b51ce6aeda4953605c34f30a1b2babbb13b98ea9e4efb,b8b7cbf431b652a2800b51ce6aeda4953605c34f30a1b2babbb13b98ea9e4efb
Misc_evalloop,instcombine,sccp,uncertain,uncertain_commuting,true,same_direction_rewrite_candidate,symmetric_rewrite,weak,,low,results\benchmark_suite_extra\Misc_evalloop\pass_outputs\instcombine.after.ll,results\benchmark_suite_extra\Misc_evalloop\pass_outputs\sccp.after.ll,results\benchmark_suite_extra\Misc_evalloop\commutativity\instcombine__then__sccp.ll,results\benchmark_suite_extra\Misc_evalloop\commutativity\sccp__then__instcombine.ll,true,1a5a978a8083c26acf982c2bc090abae3d46c71b7435a09fd2fbc6408fe6dd35,70b406ea467b8b277db359bbd3284ca0e820ef2f4535e63b5f1ac6eaac918246,1a5a978a8083c26acf982c2bc090abae3d46c71b7435a09fd2fbc6408fe6dd35,1a5a978a8083c26acf982c2bc090abae3d46c71b7435a09fd2fbc6408fe6dd35
Misc_evalloop,loop-rotate,loop-simplify,dependent,false_positive,true,commuting_false_positive,mixed,strong,,none,results\benchmark_suite_extra\Misc_evalloop\pass_outputs\loop-rotate.after.ll,results\benchmark_suite_extra\Misc_evalloop\pass_outputs\loop-simplify.after.ll,results\benchmark_suite_extra\Misc_evalloop\commutativity\loop-simplify__then__loop-rotate.ll,results\benchmark_suite_extra\Misc_evalloop\commutativity\loop-rotate__then__loop-simplify.ll,true,f43797f5f473152c819f69ff4421c9dc9dd02aaccdc2ccad2afbad51ec80ddf1,318ac2228bbd5bc752f6ad9d61d1f9e842e1f64d23a38897cba96ba74bb0ea30,f43797f5f473152c819f69ff4421c9dc9dd02aaccdc2ccad2afbad51ec80ddf1,f43797f5f473152c819f69ff4421c9dc9dd02aaccdc2ccad2afbad51ec80ddf1
Misc_evalloop,loop-rotate,loop-unroll,dependent,false_positive,true,commuting_false_positive,mixed,strong,,none,results\benchmark_suite_extra\Misc_evalloop\pass_outputs\loop-rotate.after.ll,results\benchmark_suite_extra\Misc_evalloop\pass_outputs\loop-unroll.after.ll,results\benchmark_suite_extra\Misc_evalloop\commutativity\loop-rotate__then__loop-unroll.ll,results\benchmark_suite_extra\Misc_evalloop\commutativity\loop-unroll__then__loop-rotate.ll,true,f43797f5f473152c819f69ff4421c9dc9dd02aaccdc2ccad2afbad51ec80ddf1,318ac2228bbd5bc752f6ad9d61d1f9e842e1f64d23a38897cba96ba74bb0ea30,f43797f5f473152c819f69ff4421c9dc9dd02aaccdc2ccad2afbad51ec80ddf1,f43797f5f473152c819f69ff4421c9dc9dd02aaccdc2ccad2afbad51ec80ddf1
Misc_evalloop,loop-rotate,sccp,uncertain,uncertain_commuting,true,same_direction_rewrite_candidate,symmetric_rewrite,weak,expansion;mutation,high,results\benchmark_suite_extra\Misc_evalloop\pass_outputs\loop-rotate.after.ll,results\benchmark_suite_extra\Misc_evalloop\pass_outputs\sccp.after.ll,results\benchmark_suite_extra\Misc_evalloop\commutativity\sccp__then__loop-rotate.ll,results\benchmark_suite_extra\Misc_evalloop\commutativity\loop-rotate__then__sccp.ll,true,f43797f5f473152c819f69ff4421c9dc9dd02aaccdc2ccad2afbad51ec80ddf1,70b406ea467b8b277db359bbd3284ca0e820ef2f4535e63b5f1ac6eaac918246,4d2ff579f358e8ff442cdf8e2bcbfa5bd19c03a5cfa509c2298d3dcbbe76e23f,4d2ff579f358e8ff442cdf8e2bcbfa5bd19c03a5cfa509c2298d3dcbbe76e23f
Misc_evalloop,loop-simplify,loop-unroll,dependent,false_positive,true,commuting_false_positive,mixed,strong,,none,results\benchmark_suite_extra\Misc_evalloop\pass_outputs\loop-simplify.after.ll,results\benchmark_suite_extra\Misc_evalloop\pass_outputs\loop-unroll.after.ll,results\benchmark_suite_extra\Misc_evalloop\commutativity\loop-simplify__then__loop-unroll.ll,results\benchmark_suite_extra\Misc_evalloop\commutativity\loop-unroll__then__loop-simplify.ll,true,318ac2228bbd5bc752f6ad9d61d1f9e842e1f64d23a38897cba96ba74bb0ea30,318ac2228bbd5bc752f6ad9d61d1f9e842e1f64d23a38897cba96ba74bb0ea30,318ac2228bbd5bc752f6ad9d61d1f9e842e1f64d23a38897cba96ba74bb0ea30,318ac2228bbd5bc752f6ad9d61d1f9e842e1f64d23a38897cba96ba74bb0ea30
Misc_evalloop,sccp,simplifycfg,uncertain,uncertain_commuting,true,same_direction_rewrite_candidate,symmetric_rewrite,weak,expansion;mutation,high,results\benchmark_suite_extra\Misc_evalloop\pass_outputs\sccp.after.ll,results\benchmark_suite_extra\Misc_evalloop\pass_outputs\simplifycfg.after.ll,results\benchmark_suite_extra\Misc_evalloop\commutativity\simplifycfg__then__sccp.ll,results\benchmark_suite_extra\Misc_evalloop\commutativity\sccp__then__simplifycfg.ll,true,70b406ea467b8b277db359bbd3284ca0e820ef2f4535e63b5f1ac6eaac918246,b2cffc1633df418a2788ddf22c468b408c43564eb3e170762af9efc34a252831,c6f33f430a4464c78e9ca8472daba126ed2cfc0eef9cdcb544ff9871cb826d37,c6f33f430a4464c78e9ca8472daba126ed2cfc0eef9cdcb544ff9871cb826d37
Misc_evalloop,sccp,sroa,uncertain,uncertain_commuting,true,same_direction_rewrite_candidate,symmetric_rewrite,weak,expansion;mutation,high,results\benchmark_suite_extra\Misc_evalloop\pass_outputs\sccp.after.ll,results\benchmark_suite_extra\Misc_evalloop\pass_outputs\sroa.after.ll,results\benchmark_suite_extra\Misc_evalloop\commutativity\sroa__then__sccp.ll,results\benchmark_suite_extra\Misc_evalloop\commutativity\sccp__then__sroa.ll,true,70b406ea467b8b277db359bbd3284ca0e820ef2f4535e63b5f1ac6eaac918246,44bea483899f34ecf0673e0b0c9ad1ace6a31d5d4894026aac5b10148835a156,167d22534b5511196c6d26ec7104ca954381e6e28b54741835e349306d7ded99,167d22534b5511196c6d26ec7104ca954381e6e28b54741835e349306d7ded99
Misc_revertBits,adce,dce,uncertain,uncertain_commuting,true,same_direction_rewrite_candidate,symmetric_rewrite,weak,,low,results\benchmark_suite_extra\Misc_revertBits\pass_outputs\adce.after.ll,results\benchmark_suite_extra\Misc_revertBits\pass_outputs\dce.after.ll,results\benchmark_suite_extra\Misc_revertBits\commutativity\dce__then__adce.ll,results\benchmark_suite_extra\Misc_revertBits\commutativity\adce__then__dce.ll,true,24140fd8c0413ea1c4eede7dbc12c8d76ba457d5da5351a2927caafba643de9b,24140fd8c0413ea1c4eede7dbc12c8d76ba457d5da5351a2927caafba643de9b,24140fd8c0413ea1c4eede7dbc12c8d76ba457d5da5351a2927caafba643de9b,24140fd8c0413ea1c4eede7dbc12c8d76ba457d5da5351a2927caafba643de9b
Misc_revertBits,adce,early-cse,uncertain,uncertain_commuting,true,same_direction_rewrite_candidate,symmetric_rewrite,weak,,low,results\benchmark_suite_extra\Misc_revertBits\pass_outputs\adce.after.ll,results\benchmark_suite_extra\Misc_revertBits\pass_outputs\early-cse.after.ll,results\benchmark_suite_extra\Misc_revertBits\commutativity\early-cse__then__adce.ll,results\benchmark_suite_extra\Misc_revertBits\commutativity\adce__then__early-cse.ll,true,24140fd8c0413ea1c4eede7dbc12c8d76ba457d5da5351a2927caafba643de9b,cd77764bf85870a50d2bb534fd0833b80f90503918580cb4c1c172c4fa31d287,cd77764bf85870a50d2bb534fd0833b80f90503918580cb4c1c172c4fa31d287,cd77764bf85870a50d2bb534fd0833b80f90503918580cb4c1c172c4fa31d287
Misc_revertBits,adce,gvn,uncertain,uncertain_commuting,true,same_direction_rewrite_candidate,symmetric_rewrite,weak,expansion;mutation,high,results\benchmark_suite_extra\Misc_revertBits\pass_outputs\adce.after.ll,results\benchmark_suite_extra\Misc_revertBits\pass_outputs\gvn.after.ll,results\benchmark_suite_extra\Misc_revertBits\commutativity\gvn__then__adce.ll,results\benchmark_suite_extra\Misc_revertBits\commutativity\adce__then__gvn.ll,true,24140fd8c0413ea1c4eede7dbc12c8d76ba457d5da5351a2927caafba643de9b,eaa0a79765cb76b2d1e1e60066e0257220eca3f1adb69c0ffe5d4dad2f10bc9b,50288777848c94977c7d0919ed0928c2f3732c740e86de3ef621f9b7995b1ff7,50288777848c94977c7d0919ed0928c2f3732c740e86de3ef621f9b7995b1ff7
Misc_revertBits,adce,instcombine,uncertain,uncertain_commuting,true,same_direction_rewrite_candidate,symmetric_rewrite,weak,,low,results\benchmark_suite_extra\Misc_revertBits\pass_outputs\adce.after.ll,results\benchmark_suite_extra\Misc_revertBits\pass_outputs\instcombine.after.ll,results\benchmark_suite_extra\Misc_revertBits\commutativity\instcombine__then__adce.ll,results\benchmark_suite_extra\Misc_revertBits\commutativity\adce__then__instcombine.ll,true,24140fd8c0413ea1c4eede7dbc12c8d76ba457d5da5351a2927caafba643de9b,ddd6e43c0ad84bd75093a70920ca2d6e2554b8f97e95ede1a1dfc7ee5391cd53,ddd6e43c0ad84bd75093a70920ca2d6e2554b8f97e95ede1a1dfc7ee5391cd53,ddd6e43c0ad84bd75093a70920ca2d6e2554b8f97e95ede1a1dfc7ee5391cd53
Misc_revertBits,adce,loop-rotate,uncertain,uncertain_commuting,true,same_direction_rewrite_candidate,symmetric_rewrite,weak,expansion;mutation,high,results\benchmark_suite_extra\Misc_revertBits\pass_outputs\adce.after.ll,results\benchmark_suite_extra\Misc_revertBits\pass_outputs\loop-rotate.after.ll,results\benchmark_suite_extra\Misc_revertBits\commutativity\adce__then__loop-rotate.ll,results\benchmark_suite_extra\Misc_revertBits\commutativity\loop-rotate__then__adce.ll,true,24140fd8c0413ea1c4eede7dbc12c8d76ba457d5da5351a2927caafba643de9b,fd621e407cbda1150b974034c756bab537b5cd9dc875a474ecce48c12cc67898,5d200ac0042425fce08cef585552bed5c6e3509cc9377a4c77ab8a5b52a758cb,5d200ac0042425fce08cef585552bed5c6e3509cc9377a4c77ab8a5b52a758cb
Misc_revertBits,adce,simplifycfg,uncertain,uncertain_commuting,true,same_direction_rewrite_candidate,symmetric_rewrite,weak,expansion;mutation,high,results\benchmark_suite_extra\Misc_revertBits\pass_outputs\adce.after.ll,results\benchmark_suite_extra\Misc_revertBits\pass_outputs\simplifycfg.after.ll,results\benchmark_suite_extra\Misc_revertBits\commutativity\simplifycfg__then__adce.ll,results\benchmark_suite_extra\Misc_revertBits\commutativity\adce__then__simplifycfg.ll,true,24140fd8c0413ea1c4eede7dbc12c8d76ba457d5da5351a2927caafba643de9b,d9d749eb78cee6db424a621fde1275bf5a8743b81b8134be3f7e7e3c4abdb87c,6693a5673d433aace9f9cb6c2b4cf38496b0db6068407dd8a4128cbd147e9a1b,6693a5673d433aace9f9cb6c2b4cf38496b0db6068407dd8a4128cbd147e9a1b
Misc_revertBits,adce,sroa,uncertain,uncertain_commuting,true,same_direction_rewrite_candidate,symmetric_rewrite,weak,expansion;mutation,high,results\benchmark_suite_extra\Misc_revertBits\pass_outputs\adce.after.ll,results\benchmark_suite_extra\Misc_revertBits\pass_outputs\sroa.after.ll,results\benchmark_suite_extra\Misc_revertBits\commutativity\sroa__then__adce.ll,results\benchmark_suite_extra\Misc_revertBits\commutativity\adce__then__sroa.ll,true,24140fd8c0413ea1c4eede7dbc12c8d76ba457d5da5351a2927caafba643de9b,e19b5498c04774ebc0e0cb85abe11192309b187875478f6771409cbf782e7a05,d2838d0a5e8632c1e48f76ad4f297e3d56e743f45cf5e64e09fd5c87bd074ba3,d2838d0a5e8632c1e48f76ad4f297e3d56e743f45cf5e64e09fd5c87bd074ba3
Misc_revertBits,dce,early-cse,uncertain,uncertain_commuting,true,same_direction_rewrite_candidate,symmetric_rewrite,weak,,low,results\benchmark_suite_extra\Misc_revertBits\pass_outputs\dce.after.ll,results\benchmark_suite_extra\Misc_revertBits\pass_outputs\early-cse.after.ll,results\benchmark_suite_extra\Misc_revertBits\commutativity\early-cse__then__dce.ll,results\benchmark_suite_extra\Misc_revertBits\commutativity\dce__then__early-cse.ll,true,24140fd8c0413ea1c4eede7dbc12c8d76ba457d5da5351a2927caafba643de9b,cd77764bf85870a50d2bb534fd0833b80f90503918580cb4c1c172c4fa31d287,cd77764bf85870a50d2bb534fd0833b80f90503918580cb4c1c172c4fa31d287,cd77764bf85870a50d2bb534fd0833b80f90503918580cb4c1c172c4fa31d287
Misc_revertBits,dce,gvn,uncertain,uncertain_commuting,true,same_direction_rewrite_candidate,symmetric_rewrite,weak,expansion;mutation,high,results\benchmark_suite_extra\Misc_revertBits\pass_outputs\dce.after.ll,results\benchmark_suite_extra\Misc_revertBits\pass_outputs\gvn.after.ll,results\benchmark_suite_extra\Misc_revertBits\commutativity\gvn__then__dce.ll,results\benchmark_suite_extra\Misc_revertBits\commutativity\dce__then__gvn.ll,true,24140fd8c0413ea1c4eede7dbc12c8d76ba457d5da5351a2927caafba643de9b,eaa0a79765cb76b2d1e1e60066e0257220eca3f1adb69c0ffe5d4dad2f10bc9b,50288777848c94977c7d0919ed0928c2f3732c740e86de3ef621f9b7995b1ff7,50288777848c94977c7d0919ed0928c2f3732c740e86de3ef621f9b7995b1ff7
Misc_revertBits,dce,instcombine,uncertain,uncertain_commuting,true,same_direction_rewrite_candidate,symmetric_rewrite,weak,,low,results\benchmark_suite_extra\Misc_revertBits\pass_outputs\dce.after.ll,results\benchmark_suite_extra\Misc_revertBits\pass_outputs\instcombine.after.ll,results\benchmark_suite_extra\Misc_revertBits\commutativity\instcombine__then__dce.ll,results\benchmark_suite_extra\Misc_revertBits\commutativity\dce__then__instcombine.ll,true,24140fd8c0413ea1c4eede7dbc12c8d76ba457d5da5351a2927caafba643de9b,ddd6e43c0ad84bd75093a70920ca2d6e2554b8f97e95ede1a1dfc7ee5391cd53,ddd6e43c0ad84bd75093a70920ca2d6e2554b8f97e95ede1a1dfc7ee5391cd53,ddd6e43c0ad84bd75093a70920ca2d6e2554b8f97e95ede1a1dfc7ee5391cd53
Misc_revertBits,dce,loop-rotate,uncertain,uncertain_commuting,true,same_direction_rewrite_candidate,symmetric_rewrite,weak,expansion;mutation,high,results\benchmark_suite_extra\Misc_revertBits\pass_outputs\dce.after.ll,results\benchmark_suite_extra\Misc_revertBits\pass_outputs\loop-rotate.after.ll,results\benchmark_suite_extra\Misc_revertBits\commutativity\dce__then__loop-rotate.ll,results\benchmark_suite_extra\Misc_revertBits\commutativity\loop-rotate__then__dce.ll,true,24140fd8c0413ea1c4eede7dbc12c8d76ba457d5da5351a2927caafba643de9b,fd621e407cbda1150b974034c756bab537b5cd9dc875a474ecce48c12cc67898,5d200ac0042425fce08cef585552bed5c6e3509cc9377a4c77ab8a5b52a758cb,5d200ac0042425fce08cef585552bed5c6e3509cc9377a4c77ab8a5b52a758cb
Misc_revertBits,dce,simplifycfg,uncertain,uncertain_commuting,true,same_direction_rewrite_candidate,symmetric_rewrite,weak,expansion;mutation,high,results\benchmark_suite_extra\Misc_revertBits\pass_outputs\dce.after.ll,results\benchmark_suite_extra\Misc_revertBits\pass_outputs\simplifycfg.after.ll,results\benchmark_suite_extra\Misc_revertBits\commutativity\simplifycfg__then__dce.ll,results\benchmark_suite_extra\Misc_revertBits\commutativity\dce__then__simplifycfg.ll,true,24140fd8c0413ea1c4eede7dbc12c8d76ba457d5da5351a2927caafba643de9b,d9d749eb78cee6db424a621fde1275bf5a8743b81b8134be3f7e7e3c4abdb87c,6693a5673d433aace9f9cb6c2b4cf38496b0db6068407dd8a4128cbd147e9a1b,6693a5673d433aace9f9cb6c2b4cf38496b0db6068407dd8a4128cbd147e9a1b
Misc_revertBits,dce,sroa,uncertain,uncertain_commuting,true,same_direction_rewrite_candidate,symmetric_rewrite,weak,expansion;mutation,high,results\benchmark_suite_extra\Misc_revertBits\pass_outputs\dce.after.ll,results\benchmark_suite_extra\Misc_revertBits\pass_outputs\sroa.after.ll,results\benchmark_suite_extra\Misc_revertBits\commutativity\sroa__then__dce.ll,results\benchmark_suite_extra\Misc_revertBits\commutativity\dce__then__sroa.ll,true,24140fd8c0413ea1c4eede7dbc12c8d76ba457d5da5351a2927caafba643de9b,e19b5498c04774ebc0e0cb85abe11192309b187875478f6771409cbf782e7a05,d2838d0a5e8632c1e48f76ad4f297e3d56e743f45cf5e64e09fd5c87bd074ba3,d2838d0a5e8632c1e48f76ad4f297e3d56e743f45cf5e64e09fd5c87bd074ba3
Misc_revertBits,early-cse,gvn,uncertain,uncertain_commuting,true,commuting_uncertain,mixed,weak,expansion;mutation,high,results\benchmark_suite_extra\Misc_revertBits\pass_outputs\early-cse.after.ll,results\benchmark_suite_extra\Misc_revertBits\pass_outputs\gvn.after.ll,results\benchmark_suite_extra\Misc_revertBits\commutativity\early-cse__then__gvn.ll,results\benchmark_suite_extra\Misc_revertBits\commutativity\gvn__then__early-cse.ll,true,cd77764bf85870a50d2bb534fd0833b80f90503918580cb4c1c172c4fa31d287,eaa0a79765cb76b2d1e1e60066e0257220eca3f1adb69c0ffe5d4dad2f10bc9b,bb1651be2ee8e4f5045a649b7e516b7c5eb44e5db6c58fd13bb224bd15815d72,bb1651be2ee8e4f5045a649b7e516b7c5eb44e5db6c58fd13bb224bd15815d72
Misc_revertBits,early-cse,loop-rotate,uncertain,uncertain_non_commuting,false,order_sensitive,mixed,weak,expansion,high,results\benchmark_suite_extra\Misc_revertBits\pass_outputs\early-cse.after.ll,results\benchmark_suite_extra\Misc_revertBits\pass_outputs\loop-rotate.after.ll,results\benchmark_suite_extra\Misc_revertBits\commutativity\early-cse__then__loop-rotate.ll,results\benchmark_suite_extra\Misc_revertBits\commutativity\loop-rotate__then__early-cse.ll,false,cd77764bf85870a50d2bb534fd0833b80f90503918580cb4c1c172c4fa31d287,fd621e407cbda1150b974034c756bab537b5cd9dc875a474ecce48c12cc67898,32e20f7509e65df8b8d8578164500a7089ed1aa301213d3a0db2b94df76ee65c,924d421592f584829603874b0ad57fc9ce74b1794ae1581d70d1c10b17be3dc3
Misc_revertBits,early-cse,sccp,uncertain,uncertain_commuting,true,same_direction_rewrite_candidate,symmetric_rewrite,weak,expansion;mutation,high,results\benchmark_suite_extra\Misc_revertBits\pass_outputs\early-cse.after.ll,results\benchmark_suite_extra\Misc_revertBits\pass_outputs\sccp.after.ll,results\benchmark_suite_extra\Misc_revertBits\commutativity\early-cse__then__sccp.ll,results\benchmark_suite_extra\Misc_revertBits\commutativity\sccp__then__early-cse.ll,true,cd77764bf85870a50d2bb534fd0833b80f90503918580cb4c1c172c4fa31d287,cbd880913114ac2adf49886f17c952bc0781e9c908cc9ec3328833dba82b1b26,e1933674b1e289a38b6429ecd15379218b87c8a90e5a607fbff1649fc8eb9725,e1933674b1e289a38b6429ecd15379218b87c8a90e5a607fbff1649fc8eb9725
Misc_revertBits,early-cse,simplifycfg,uncertain,uncertain_commuting,true,commuting_uncertain,mixed,weak,expansion,high,results\benchmark_suite_extra\Misc_revertBits\pass_outputs\early-cse.after.ll,results\benchmark_suite_extra\Misc_revertBits\pass_outputs\simplifycfg.after.ll,results\benchmark_suite_extra\Misc_revertBits\commutativity\simplifycfg__then__early-cse.ll,results\benchmark_suite_extra\Misc_revertBits\commutativity\early-cse__then__simplifycfg.ll,true,cd77764bf85870a50d2bb534fd0833b80f90503918580cb4c1c172c4fa31d287,d9d749eb78cee6db424a621fde1275bf5a8743b81b8134be3f7e7e3c4abdb87c,e86435263d3df2307a7469b953a72b04b33180e0c5ccc82fd90e4dc66b447004,e86435263d3df2307a7469b953a72b04b33180e0c5ccc82fd90e4dc66b447004
Misc_revertBits,early-cse,sroa,dependent,false_positive,true,commuting_false_positive,mixed,strong,expansion;mutation,none,results\benchmark_suite_extra\Misc_revertBits\pass_outputs\early-cse.after.ll,results\benchmark_suite_extra\Misc_revertBits\pass_outputs\sroa.after.ll,results\benchmark_suite_extra\Misc_revertBits\commutativity\sroa__then__early-cse.ll,results\benchmark_suite_extra\Misc_revertBits\commutativity\early-cse__then__sroa.ll,false,cd77764bf85870a50d2bb534fd0833b80f90503918580cb4c1c172c4fa31d287,e19b5498c04774ebc0e0cb85abe11192309b187875478f6771409cbf782e7a05,d2838d0a5e8632c1e48f76ad4f297e3d56e743f45cf5e64e09fd5c87bd074ba3,327379f660f2e936584e5886ab3ea628efe8f75ebff2a0ae1a34e02c21f043c7
Misc_revertBits,gvn,sccp,uncertain,uncertain_commuting,true,same_direction_rewrite_candidate,symmetric_rewrite,weak,expansion;mutation,high,results\benchmark_suite_extra\Misc_revertBits\pass_outputs\gvn.after.ll,results\benchmark_suite_extra\Misc_revertBits\pass_outputs\sccp.after.ll,results\benchmark_suite_extra\Misc_revertBits\commutativity\gvn__then__sccp.ll,results\benchmark_suite_extra\Misc_revertBits\commutativity\sccp__then__gvn.ll,true,eaa0a79765cb76b2d1e1e60066e0257220eca3f1adb69c0ffe5d4dad2f10bc9b,cbd880913114ac2adf49886f17c952bc0781e9c908cc9ec3328833dba82b1b26,6945d08ecb169cf8ea587125669618859041a2ccbf2587cb801d8b9a511f0200,6945d08ecb169cf8ea587125669618859041a2ccbf2587cb801d8b9a511f0200
Misc_revertBits,gvn,simplifycfg,dependent,false_positive,true,commuting_false_positive,mixed,strong,expansion,none,results\benchmark_suite_extra\Misc_revertBits\pass_outputs\gvn.after.ll,results\benchmark_suite_extra\Misc_revertBits\pass_outputs\simplifycfg.after.ll,results\benchmark_suite_extra\Misc_revertBits\commutativity\simplifycfg__then__gvn.ll,results\benchmark_suite_extra\Misc_revertBits\commutativity\gvn__then__simplifycfg.ll,false,eaa0a79765cb76b2d1e1e60066e0257220eca3f1adb69c0ffe5d4dad2f10bc9b,d9d749eb78cee6db424a621fde1275bf5a8743b81b8134be3f7e7e3c4abdb87c,20246282b69dc93d80f71c688aa9efa5fca78d65dee6a660ab1b5ba2b410f676,18fe4c03ec3a74a7ead561b1aa15f1ffb5c4446548a3d2fa35c8e7eb66f380c0
Misc_revertBits,instcombine,sccp,uncertain,uncertain_commuting,true,same_direction_rewrite_candidate,symmetric_rewrite,weak,,low,results\benchmark_suite_extra\Misc_revertBits\pass_outputs\instcombine.after.ll,results\benchmark_suite_extra\Misc_revertBits\pass_outputs\sccp.after.ll,results\benchmark_suite_extra\Misc_revertBits\commutativity\instcombine__then__sccp.ll,results\benchmark_suite_extra\Misc_revertBits\commutativity\sccp__then__instcombine.ll,true,ddd6e43c0ad84bd75093a70920ca2d6e2554b8f97e95ede1a1dfc7ee5391cd53,cbd880913114ac2adf49886f17c952bc0781e9c908cc9ec3328833dba82b1b26,fd0d30b09c29f8ae8e7540be71f9858e9c3663106f883fc19aa70414c035ee78,fd0d30b09c29f8ae8e7540be71f9858e9c3663106f883fc19aa70414c035ee78
Misc_revertBits,sccp,sroa,uncertain,uncertain_commuting,true,same_direction_rewrite_candidate,symmetric_rewrite,weak,expansion;mutation,high,results\benchmark_suite_extra\Misc_revertBits\pass_outputs\sccp.after.ll,results\benchmark_suite_extra\Misc_revertBits\pass_outputs\sroa.after.ll,results\benchmark_suite_extra\Misc_revertBits\commutativity\sroa__then__sccp.ll,results\benchmark_suite_extra\Misc_revertBits\commutativity\sccp__then__sroa.ll,true,cbd880913114ac2adf49886f17c952bc0781e9c908cc9ec3328833dba82b1b26,e19b5498c04774ebc0e0cb85abe11192309b187875478f6771409cbf782e7a05,d4394a4c20ed859489521d42eabfb7e8a291dc218381a81af446d12076f7b9ba,d4394a4c20ed859489521d42eabfb7e8a291dc218381a81af446d12076f7b9ba
Shootout_ackermann,early-cse,gvn,uncertain,uncertain_commuting,true,commuting_uncertain,mixed,weak,expansion,high,results\benchmark_suite_extra\Shootout_ackermann\pass_outputs\early-cse.after.ll,results\benchmark_suite_extra\Shootout_ackermann\pass_outputs\gvn.after.ll,results\benchmark_suite_extra\Shootout_ackermann\commutativity\early-cse__then__gvn.ll,results\benchmark_suite_extra\Shootout_ackermann\commutativity\gvn__then__early-cse.ll,true,290ab2cdbfc7c01b20b162fe0f0bcca41ff49b1e6bd3d5a60cd54b889f5e84fa,e34f982a942a9bc42a09b948eb9e88392bcad551f5fafc1ac4512873c869b087,e34f982a942a9bc42a09b948eb9e88392bcad551f5fafc1ac4512873c869b087,e34f982a942a9bc42a09b948eb9e88392bcad551f5fafc1ac4512873c869b087
Shootout_ackermann,early-cse,sccp,uncertain,uncertain_commuting,true,same_direction_rewrite_candidate,symmetric_rewrite,weak,expansion;mutation,high,results\benchmark_suite_extra\Shootout_ackermann\pass_outputs\early-cse.after.ll,results\benchmark_suite_extra\Shootout_ackermann\pass_outputs\sccp.after.ll,results\benchmark_suite_extra\Shootout_ackermann\commutativity\early-cse__then__sccp.ll,results\benchmark_suite_extra\Shootout_ackermann\commutativity\sccp__then__early-cse.ll,false,290ab2cdbfc7c01b20b162fe0f0bcca41ff49b1e6bd3d5a60cd54b889f5e84fa,0c0da2d26b40f84e58e68d6d71cd1192105d5484840a3cae31f765692a21f587,c28887287a42d0966fe2550352eb1362227b6040cb90262a106b82de65156223,83714a9065bc1d13c90e7f5990a09c88904e3069b80545a87fe5ff9b14cd3a1b
Shootout_ackermann,early-cse,simplifycfg,uncertain,uncertain_commuting,true,commuting_uncertain,mixed,weak,expansion,high,results\benchmark_suite_extra\Shootout_ackermann\pass_outputs\early-cse.after.ll,results\benchmark_suite_extra\Shootout_ackermann\pass_outputs\simplifycfg.after.ll,results\benchmark_suite_extra\Shootout_ackermann\commutativity\simplifycfg__then__early-cse.ll,results\benchmark_suite_extra\Shootout_ackermann\commutativity\early-cse__then__simplifycfg.ll,true,290ab2cdbfc7c01b20b162fe0f0bcca41ff49b1e6bd3d5a60cd54b889f5e84fa,8a7e38e917e53ce1cba0396912d7ef99c0ceb6ebee56ab33655173146b0f7433,7932efee31dc81028af281b99db93f5a56c9841bc15e669786f0b012d6110a8c,7932efee31dc81028af281b99db93f5a56c9841bc15e669786f0b012d6110a8c
Shootout_ackermann,early-cse,sroa,uncertain,uncertain_commuting,true,commuting_uncertain,mixed,weak,expansion,high,results\benchmark_suite_extra\Shootout_ackermann\pass_outputs\early-cse.after.ll,results\benchmark_suite_extra\Shootout_ackermann\pass_outputs\sroa.after.ll,results\benchmark_suite_extra\Shootout_ackermann\commutativity\sroa__then__early-cse.ll,results\benchmark_suite_extra\Shootout_ackermann\commutativity\early-cse__then__sroa.ll,true,290ab2cdbfc7c01b20b162fe0f0bcca41ff49b1e6bd3d5a60cd54b889f5e84fa,8a12ff2826e07948141390cdd78d7b24b93fd9b966ea09ee6b704d349c3af323,8a12ff2826e07948141390cdd78d7b24b93fd9b966ea09ee6b704d349c3af323,8a12ff2826e07948141390cdd78d7b24b93fd9b966ea09ee6b704d349c3af323
Shootout_ackermann,gvn,sccp,uncertain,uncertain_commuting,true,same_direction_rewrite_candidate,symmetric_rewrite,weak,expansion;mutation,high,results\benchmark_suite_extra\Shootout_ackermann\pass_outputs\gvn.after.ll,results\benchmark_suite_extra\Shootout_ackermann\pass_outputs\sccp.after.ll,results\benchmark_suite_extra\Shootout_ackermann\commutativity\gvn__then__sccp.ll,results\benchmark_suite_extra\Shootout_ackermann\commutativity\sccp__then__gvn.ll,false,e34f982a942a9bc42a09b948eb9e88392bcad551f5fafc1ac4512873c869b087,0c0da2d26b40f84e58e68d6d71cd1192105d5484840a3cae31f765692a21f587,1ee457edd40cbbabd7538cee81f8a807a6125e568841268fe8d6f887bd189f53,ccc308cf978d6cb8a7378b243d68e4c920e2f4749baf77cbbdee5f5a0654b113
Shootout_ackermann,gvn,simplifycfg,uncertain,uncertain_commuting,true,commuting_uncertain,mixed,weak,expansion;mutation,high,results\benchmark_suite_extra\Shootout_ackermann\pass_outputs\gvn.after.ll,results\benchmark_suite_extra\Shootout_ackermann\pass_outputs\simplifycfg.after.ll,results\benchmark_suite_extra\Shootout_ackermann\commutativity\simplifycfg__then__gvn.ll,results\benchmark_suite_extra\Shootout_ackermann\commutativity\gvn__then__simplifycfg.ll,true,e34f982a942a9bc42a09b948eb9e88392bcad551f5fafc1ac4512873c869b087,8a7e38e917e53ce1cba0396912d7ef99c0ceb6ebee56ab33655173146b0f7433,f8d70c392023b0585f06c19da83e017b4e071ff0b146a0fbfb8181ec99a03f5b,f8d70c392023b0585f06c19da83e017b4e071ff0b146a0fbfb8181ec99a03f5b
Shootout_ackermann,gvn,sroa,uncertain,uncertain_non_commuting,false,order_sensitive,symmetric_rewrite,weak,expansion,high,results\benchmark_suite_extra\Shootout_ackermann\pass_outputs\gvn.after.ll,results\benchmark_suite_extra\Shootout_ackermann\pass_outputs\sroa.after.ll,results\benchmark_suite_extra\Shootout_ackermann\commutativity\sroa__then__gvn.ll,results\benchmark_suite_extra\Shootout_ackermann\commutativity\gvn__then__sroa.ll,false,e34f982a942a9bc42a09b948eb9e88392bcad551f5fafc1ac4512873c869b087,8a12ff2826e07948141390cdd78d7b24b93fd9b966ea09ee6b704d349c3af323,8a12ff2826e07948141390cdd78d7b24b93fd9b966ea09ee6b704d349c3af323,6e7adddd4ce358b511496fca3ccc8f8b667293d86b06c0f0f309ff0a5f4e21e0
Shootout_ackermann,instcombine,sccp,uncertain,uncertain_commuting,true,same_direction_rewrite_candidate,symmetric_rewrite,weak,,low,results\benchmark_suite_extra\Shootout_ackermann\pass_outputs\instcombine.after.ll,results\benchmark_suite_extra\Shootout_ackermann\pass_outputs\sccp.after.ll,results\benchmark_suite_extra\Shootout_ackermann\commutativity\instcombine__then__sccp.ll,results\benchmark_suite_extra\Shootout_ackermann\commutativity\sccp__then__instcombine.ll,true,7f466213a99c42e4206b55f545431fe85badb04877bf16b25d0715a29288f019,0c0da2d26b40f84e58e68d6d71cd1192105d5484840a3cae31f765692a21f587,7f466213a99c42e4206b55f545431fe85badb04877bf16b25d0715a29288f019,7f466213a99c42e4206b55f545431fe85badb04877bf16b25d0715a29288f019
Shootout_ackermann,instcombine,simplifycfg,dependent,false_positive,true,same_direction_rewrite_candidate,symmetric_rewrite,strong,expansion,none,results\benchmark_suite_extra\Shootout_ackermann\pass_outputs\instcombine.after.ll,results\benchmark_suite_extra\Shootout_ackermann\pass_outputs\simplifycfg.after.ll,results\benchmark_suite_extra\Shootout_ackermann\commutativity\instcombine__then__simplifycfg.ll,results\benchmark_suite_extra\Shootout_ackermann\commutativity\simplifycfg__then__instcombine.ll,true,7f466213a99c42e4206b55f545431fe85badb04877bf16b25d0715a29288f019,8a7e38e917e53ce1cba0396912d7ef99c0ceb6ebee56ab33655173146b0f7433,c9e43cd41328aa2947bebcbae0de0803e5da30b1504588275bb2667f8b24cd9b,c9e43cd41328aa2947bebcbae0de0803e5da30b1504588275bb2667f8b24cd9b
Shootout_ackermann,instcombine,sroa,dependent,false_positive,true,commuting_false_positive,mixed,strong,expansion;mutation,none,results\benchmark_suite_extra\Shootout_ackermann\pass_outputs\instcombine.after.ll,results\benchmark_suite_extra\Shootout_ackermann\pass_outputs\sroa.after.ll,results\benchmark_suite_extra\Shootout_ackermann\commutativity\instcombine__then__sroa.ll,results\benchmark_suite_extra\Shootout_ackermann\commutativity\sroa__then__instcombine.ll,true,7f466213a99c42e4206b55f545431fe85badb04877bf16b25d0715a29288f019,8a12ff2826e07948141390cdd78d7b24b93fd9b966ea09ee6b704d349c3af323,a6304b1df6673345bfe8045f05e7cd4fb4d1997cc48f5b2b46258b64109cb122,a6304b1df6673345bfe8045f05e7cd4fb4d1997cc48f5b2b46258b64109cb122
Shootout_ackermann,sccp,sroa,uncertain,uncertain_commuting,true,same_direction_rewrite_candidate,symmetric_rewrite,weak,expansion;mutation,high,results\benchmark_suite_extra\Shootout_ackermann\pass_outputs\sccp.after.ll,results\benchmark_suite_extra\Shootout_ackermann\pass_outputs\sroa.after.ll,results\benchmark_suite_extra\Shootout_ackermann\commutativity\sroa__then__sccp.ll,results\benchmark_suite_extra\Shootout_ackermann\commutativity\sccp__then__sroa.ll,false,0c0da2d26b40f84e58e68d6d71cd1192105d5484840a3cae31f765692a21f587,8a12ff2826e07948141390cdd78d7b24b93fd9b966ea09ee6b704d349c3af323,e3b33961cdbbf9711cce3de546cf11e5a1d1a55d5b04baa2eeaa132b19c934bd,4b54ab62971f8c177b2f91084c4e6408f00d04c0718d818df8fe21e9146b32d3
Shootout_ackermann,simplifycfg,sroa,dependent,false_positive,true,same_direction_rewrite_candidate,symmetric_rewrite,strong,expansion,none,results\benchmark_suite_extra\Shootout_ackermann\pass_outputs\simplifycfg.after.ll,results\benchmark_suite_extra\Shootout_ackermann\pass_outputs\sroa.after.ll,results\benchmark_suite_extra\Shootout_ackermann\commutativity\simplifycfg__then__sroa.ll,results\benchmark_suite_extra\Shootout_ackermann\commutativity\sroa__then__simplifycfg.ll,true,8a7e38e917e53ce1cba0396912d7ef99c0ceb6ebee56ab33655173146b0f7433,8a12ff2826e07948141390cdd78d7b24b93fd9b966ea09ee6b704d349c3af323,94aa2086f7ea28ac5870a6553c40a1c35160a6268332aeed9b06f98e04eafcde,94aa2086f7ea28ac5870a6553c40a1c35160a6268332aeed9b06f98e04eafcde
