benchmark,pass_a,pass_b,confirmation,safety,support_reason,agreement,uncertainty_risk,direction_classification,final_ir_relation
UnitTests_2003_04_22_Switch,early-cse,gvn,likely_independent,candidate,exact_convergence_to_single_pass_result,uncertain_commuting,high,same_direction_rewrite_candidate,final_matches_b_only
UnitTests_2003_04_22_Switch,early-cse,instcombine,needs_attribution,review,commuting_but_rewrite_direction_unexplained,uncertain_commuting,high,commuting_uncertain,same_final_new_result
UnitTests_2003_04_22_Switch,early-cse,loop-rotate,order_sensitive,unsafe,high_risk_uncertain_non_commuting,uncertain_non_commuting,high,order_sensitive,ab_ba_differ
UnitTests_2003_04_22_Switch,early-cse,simplifycfg,needs_attribution,review,commuting_but_rewrite_direction_unexplained,uncertain_commuting,high,commuting_uncertain,same_final_new_result
UnitTests_2003_04_22_Switch,early-cse,sroa,likely_independent,candidate,exact_convergence_to_single_pass_result,uncertain_commuting,high,same_direction_rewrite_candidate,final_matches_b_only
UnitTests_2003_04_22_Switch,gvn,instcombine,order_sensitive,unsafe,dependent_and_non_commuting,agree_dependent,none,,
UnitTests_2003_04_22_Switch,gvn,loop-rotate,order_sensitive,unsafe,dependent_and_non_commuting,agree_dependent,none,,
UnitTests_2003_04_22_Switch,gvn,loop-unroll,order_sensitive,unsafe,dependent_and_non_commuting,agree_dependent,none,,
UnitTests_2003_04_22_Switch,gvn,sroa,order_sensitive,unsafe,dependent_and_non_commuting,agree_dependent,none,,
UnitTests_2003_04_22_Switch,instcombine,loop-rotate,order_sensitive,unsafe,dependent_and_non_commuting,agree_dependent,none,,
UnitTests_2003_04_22_Switch,instcombine,simplifycfg,order_sensitive,unsafe,dependent_and_non_commuting,agree_dependent,none,,
UnitTests_2003_04_22_Switch,loop-rotate,simplifycfg,order_sensitive,unsafe,dependent_and_non_commuting,agree_dependent,none,,
UnitTests_2003_04_22_Switch,loop-rotate,sroa,order_sensitive,unsafe,dependent_and_non_commuting,agree_dependent,none,,
UnitTests_2003_04_22_Switch,loop-unroll,sroa,order_sensitive,unsafe,dependent_and_non_commuting,agree_dependent,none,,
UnitTests_2003_05_02_DependentPHI,early-cse,gvn,likely_independent,candidate,exact_convergence_to_single_pass_result,uncertain_commuting,high,commuting_uncertain,final_matches_b_only
UnitTests_2003_05_02_DependentPHI,early-cse,instcombine,needs_attribution,review,commuting_but_rewrite_direction_unexplained,uncertain_commuting,high,commuting_uncertain,same_final_new_result
UnitTests_2003_05_02_DependentPHI,early-cse,loop-rotate,order_sensitive,unsafe,high_risk_uncertain_non_commuting,uncertain_non_commuting,high,order_sensitive,ab_ba_differ
UnitTests_2003_05_02_DependentPHI,early-cse,simplifycfg,needs_attribution,review,commuting_but_rewrite_direction_unexplained,uncertain_commuting,high,commuting_uncertain,same_final_new_result
UnitTests_2003_05_02_DependentPHI,early-cse,sroa,needs_attribution,review,commuting_but_rewrite_direction_unexplained,uncertain_commuting,high,commuting_uncertain,ab_ba_differ
UnitTests_2003_05_02_DependentPHI,gvn,instcombine,order_sensitive,unsafe,dependent_and_non_commuting,agree_dependent,none,,
UnitTests_2003_05_02_DependentPHI,gvn,loop-rotate,order_sensitive,unsafe,dependent_and_non_commuting,agree_dependent,none,,
UnitTests_2003_05_02_DependentPHI,gvn,sroa,order_sensitive,unsafe,dependent_and_non_commuting,agree_dependent,none,,
UnitTests_2003_05_02_DependentPHI,instcombine,loop-rotate,order_sensitive,unsafe,dependent_and_non_commuting,agree_dependent,none,,
UnitTests_2003_05_02_DependentPHI,loop-rotate,simplifycfg,order_sensitive,unsafe,dependent_and_non_commuting,agree_dependent,none,,
UnitTests_2003_05_02_DependentPHI,loop-rotate,sroa,order_sensitive,unsafe,dependent_and_non_commuting,agree_dependent,none,,
UnitTests_TestLoop,early-cse,gvn,likely_independent,candidate,exact_convergence_to_single_pass_result,uncertain_commuting,high,commuting_uncertain,final_matches_b_only
UnitTests_TestLoop,early-cse,instcombine,order_sensitive,unsafe,high_risk_uncertain_non_commuting,uncertain_non_commuting,high,order_sensitive,ab_ba_differ
UnitTests_TestLoop,early-cse,loop-rotate,order_sensitive,unsafe,high_risk_uncertain_non_commuting,uncertain_non_commuting,high,order_sensitive,ab_ba_differ
UnitTests_TestLoop,early-cse,simplifycfg,needs_attribution,review,commuting_but_rewrite_direction_unexplained,uncertain_commuting,high,commuting_uncertain,same_final_new_result
UnitTests_TestLoop,early-cse,sroa,likely_independent,candidate,exact_convergence_to_single_pass_result,uncertain_commuting,high,commuting_uncertain,final_matches_b_only
UnitTests_TestLoop,gvn,instcombine,order_sensitive,unsafe,dependent_and_non_commuting,agree_dependent,none,,
UnitTests_TestLoop,gvn,loop-rotate,order_sensitive,unsafe,dependent_and_non_commuting,agree_dependent,none,,
UnitTests_TestLoop,gvn,loop-unroll,order_sensitive,unsafe,dependent_and_non_commuting,agree_dependent,none,,
UnitTests_TestLoop,gvn,sccp,order_sensitive,unsafe,dependent_and_non_commuting,agree_dependent,none,,
UnitTests_TestLoop,gvn,sroa,order_sensitive,unsafe,dependent_and_non_commuting,agree_dependent,none,,
UnitTests_TestLoop,instcombine,loop-rotate,order_sensitive,unsafe,dependent_and_non_commuting,agree_dependent,none,,
UnitTests_TestLoop,instcombine,simplifycfg,order_sensitive,unsafe,dependent_and_non_commuting,agree_dependent,none,,
UnitTests_TestLoop,instcombine,sroa,order_sensitive,unsafe,dependent_and_non_commuting,agree_dependent,none,,
UnitTests_TestLoop,loop-rotate,simplifycfg,order_sensitive,unsafe,dependent_and_non_commuting,agree_dependent,none,,
UnitTests_TestLoop,loop-rotate,sroa,order_sensitive,unsafe,dependent_and_non_commuting,agree_dependent,none,,
UnitTests_TestLoop,loop-unroll,sroa,order_sensitive,unsafe,dependent_and_non_commuting,agree_dependent,none,,
UnitTests_TestLoop,sccp,sroa,order_sensitive,unsafe,dependent_and_non_commuting,agree_dependent,none,,
UnitTests_TestLoop,simplifycfg,sroa,order_sensitive,unsafe,dependent_and_non_commuting,agree_dependent,none,,
UnitTests_2008_04_18_LoopBug,early-cse,gvn,likely_independent,candidate,exact_convergence_to_single_pass_result,uncertain_commuting,high,commuting_uncertain,final_matches_b_only
UnitTests_2008_04_18_LoopBug,early-cse,instcombine,needs_attribution,review,commuting_but_rewrite_direction_unexplained,uncertain_commuting,high,commuting_uncertain,same_final_new_result
UnitTests_2008_04_18_LoopBug,early-cse,loop-rotate,order_sensitive,unsafe,high_risk_uncertain_non_commuting,uncertain_non_commuting,high,order_sensitive,ab_ba_differ
UnitTests_2008_04_18_LoopBug,early-cse,loop-unroll,order_sensitive,unsafe,dependent_and_non_commuting,agree_dependent,none,,
UnitTests_2008_04_18_LoopBug,early-cse,sccp,likely_independent,candidate,same_direction_rewrite_candidate,uncertain_commuting,high,same_direction_rewrite_candidate,same_final_new_result
UnitTests_2008_04_18_LoopBug,early-cse,simplifycfg,needs_attribution,review,commuting_but_rewrite_direction_unexplained,uncertain_commuting,high,commuting_uncertain,same_final_new_result
UnitTests_2008_04_18_LoopBug,early-cse,sroa,needs_attribution,review,commuting_but_rewrite_direction_unexplained,uncertain_commuting,high,commuting_uncertain,same_final_new_result
UnitTests_2008_04_18_LoopBug,gvn,instcombine,order_sensitive,unsafe,dependent_and_non_commuting,agree_dependent,none,,
UnitTests_2008_04_18_LoopBug,gvn,loop-rotate,order_sensitive,unsafe,dependent_and_non_commuting,agree_dependent,none,,
UnitTests_2008_04_18_LoopBug,gvn,loop-unroll,order_sensitive,unsafe,dependent_and_non_commuting,agree_dependent,none,,
UnitTests_2008_04_18_LoopBug,gvn,sccp,likely_independent,candidate,same_direction_rewrite_candidate,uncertain_commuting,high,same_direction_rewrite_candidate,same_final_new_result
UnitTests_2008_04_18_LoopBug,gvn,sroa,order_sensitive,unsafe,dependent_and_non_commuting,agree_dependent,none,,
UnitTests_2008_04_18_LoopBug,instcombine,loop-rotate,order_sensitive,unsafe,dependent_and_non_commuting,agree_dependent,none,,
UnitTests_2008_04_18_LoopBug,instcombine,simplifycfg,order_sensitive,unsafe,dependent_and_non_commuting,agree_dependent,none,,
UnitTests_2008_04_18_LoopBug,instcombine,sroa,order_sensitive,unsafe,dependent_and_non_commuting,agree_dependent,none,,
UnitTests_2008_04_18_LoopBug,loop-rotate,sccp,likely_independent,candidate,same_direction_rewrite_candidate,uncertain_commuting,high,same_direction_rewrite_candidate,same_final_new_result
UnitTests_2008_04_18_LoopBug,loop-rotate,simplifycfg,order_sensitive,unsafe,dependent_and_non_commuting,agree_dependent,none,,
UnitTests_2008_04_18_LoopBug,loop-rotate,sroa,order_sensitive,unsafe,dependent_and_non_commuting,agree_dependent,none,,
UnitTests_2008_04_18_LoopBug,loop-unroll,sroa,order_sensitive,unsafe,dependent_and_non_commuting,agree_dependent,none,,
UnitTests_2008_04_18_LoopBug,sccp,simplifycfg,likely_independent,candidate,same_direction_rewrite_candidate,uncertain_commuting,high,same_direction_rewrite_candidate,same_final_new_result
UnitTests_2008_04_18_LoopBug,sccp,sroa,likely_independent,candidate,same_direction_rewrite_candidate,uncertain_commuting,high,same_direction_rewrite_candidate,same_final_new_result
Shootout_nestedloop,early-cse,gvn,likely_independent,candidate,exact_convergence_to_single_pass_result,uncertain_commuting,high,commuting_uncertain,final_matches_b_only
Shootout_nestedloop,early-cse,instcombine,order_sensitive,unsafe,high_risk_uncertain_non_commuting,uncertain_non_commuting,high,order_sensitive,ab_ba_differ
Shootout_nestedloop,early-cse,loop-rotate,order_sensitive,unsafe,high_risk_uncertain_non_commuting,uncertain_non_commuting,high,order_sensitive,ab_ba_differ
Shootout_nestedloop,early-cse,sccp,likely_independent,candidate,same_direction_rewrite_candidate,uncertain_commuting,high,same_direction_rewrite_candidate,same_final_new_result
Shootout_nestedloop,early-cse,simplifycfg,needs_attribution,review,commuting_but_rewrite_direction_unexplained,uncertain_commuting,high,commuting_uncertain,same_final_new_result
Shootout_nestedloop,early-cse,sroa,likely_independent,candidate,exact_convergence_to_single_pass_result,uncertain_commuting,high,commuting_uncertain,final_matches_b_only
Shootout_nestedloop,gvn,instcombine,order_sensitive,unsafe,dependent_and_non_commuting,agree_dependent,none,,
Shootout_nestedloop,gvn,loop-rotate,order_sensitive,unsafe,dependent_and_non_commuting,agree_dependent,none,,
Shootout_nestedloop,gvn,loop-unroll,order_sensitive,unsafe,dependent_and_non_commuting,agree_dependent,none,,
Shootout_nestedloop,gvn,sccp,likely_independent,candidate,same_direction_rewrite_candidate,uncertain_commuting,high,same_direction_rewrite_candidate,same_final_new_result
Shootout_nestedloop,gvn,sroa,order_sensitive,unsafe,dependent_and_non_commuting,agree_dependent,none,,
Shootout_nestedloop,instcombine,loop-rotate,order_sensitive,unsafe,dependent_and_non_commuting,agree_dependent,none,,
Shootout_nestedloop,instcombine,simplifycfg,order_sensitive,unsafe,dependent_and_non_commuting,agree_dependent,none,,
Shootout_nestedloop,instcombine,sroa,order_sensitive,unsafe,dependent_and_non_commuting,agree_dependent,none,,
Shootout_nestedloop,loop-rotate,simplifycfg,order_sensitive,unsafe,dependent_and_non_commuting,agree_dependent,none,,
Shootout_nestedloop,loop-rotate,sroa,order_sensitive,unsafe,dependent_and_non_commuting,agree_dependent,none,,
Shootout_nestedloop,loop-unroll,sroa,order_sensitive,unsafe,dependent_and_non_commuting,agree_dependent,none,,
Shootout_nestedloop,sccp,sroa,likely_independent,candidate,same_direction_rewrite_candidate,uncertain_commuting,high,same_direction_rewrite_candidate,same_final_new_result
Shootout_nestedloop,simplifycfg,sroa,order_sensitive,unsafe,dependent_and_non_commuting,agree_dependent,none,,
BenchmarkGame_fannkuch,early-cse,gvn,order_sensitive,unsafe,high_risk_uncertain_non_commuting,uncertain_non_commuting,high,order_sensitive,ab_ba_differ
BenchmarkGame_fannkuch,early-cse,instcombine,order_sensitive,unsafe,high_risk_uncertain_non_commuting,uncertain_non_commuting,high,order_sensitive,ab_ba_differ
BenchmarkGame_fannkuch,early-cse,loop-rotate,order_sensitive,unsafe,high_risk_uncertain_non_commuting,uncertain_non_commuting,high,order_sensitive,ab_ba_differ
BenchmarkGame_fannkuch,early-cse,loop-unroll,order_sensitive,unsafe,dependent_and_non_commuting,agree_dependent,none,,
BenchmarkGame_fannkuch,early-cse,sccp,order_sensitive,unsafe,high_risk_uncertain_non_commuting,uncertain_non_commuting,high,order_sensitive,ab_ba_differ
BenchmarkGame_fannkuch,early-cse,simplifycfg,order_sensitive,unsafe,dependent_and_non_commuting,agree_dependent,none,,
BenchmarkGame_fannkuch,early-cse,sroa,order_sensitive,unsafe,high_risk_uncertain_non_commuting,uncertain_non_commuting,high,order_sensitive,ab_ba_differ
BenchmarkGame_fannkuch,gvn,instcombine,order_sensitive,unsafe,dependent_and_non_commuting,agree_dependent,none,,
BenchmarkGame_fannkuch,gvn,loop-rotate,order_sensitive,unsafe,dependent_and_non_commuting,agree_dependent,none,,
BenchmarkGame_fannkuch,gvn,loop-unroll,order_sensitive,unsafe,dependent_and_non_commuting,agree_dependent,none,,
BenchmarkGame_fannkuch,gvn,sccp,order_sensitive,unsafe,high_risk_uncertain_non_commuting,uncertain_non_commuting,high,order_sensitive,ab_ba_differ
BenchmarkGame_fannkuch,gvn,simplifycfg,order_sensitive,unsafe,dependent_and_non_commuting,agree_dependent,none,,
BenchmarkGame_fannkuch,gvn,sroa,order_sensitive,unsafe,dependent_and_non_commuting,agree_dependent,none,,
BenchmarkGame_fannkuch,instcombine,loop-rotate,order_sensitive,unsafe,dependent_and_non_commuting,agree_dependent,none,,
BenchmarkGame_fannkuch,instcombine,simplifycfg,order_sensitive,unsafe,dependent_and_non_commuting,agree_dependent,none,,
BenchmarkGame_fannkuch,instcombine,sroa,order_sensitive,unsafe,dependent_and_non_commuting,agree_dependent,none,,
BenchmarkGame_fannkuch,loop-rotate,sccp,likely_independent,candidate,same_direction_rewrite_candidate,uncertain_commuting,high,same_direction_rewrite_candidate,same_final_new_result
BenchmarkGame_fannkuch,loop-rotate,simplifycfg,order_sensitive,unsafe,dependent_and_non_commuting,agree_dependent,none,,
BenchmarkGame_fannkuch,loop-rotate,sroa,order_sensitive,unsafe,dependent_and_non_commuting,agree_dependent,none,,
BenchmarkGame_fannkuch,loop-simplify,simplifycfg,order_sensitive,unsafe,dependent_and_non_commuting,agree_dependent,none,,
BenchmarkGame_fannkuch,loop-unroll,simplifycfg,order_sensitive,unsafe,dependent_and_non_commuting,agree_dependent,none,,
BenchmarkGame_fannkuch,loop-unroll,sroa,order_sensitive,unsafe,dependent_and_non_commuting,agree_dependent,none,,
BenchmarkGame_fannkuch,sccp,simplifycfg,likely_independent,candidate,same_direction_rewrite_candidate,uncertain_commuting,high,same_direction_rewrite_candidate,same_final_new_result
BenchmarkGame_fannkuch,sccp,sroa,order_sensitive,unsafe,high_risk_uncertain_non_commuting,uncertain_non_commuting,high,order_sensitive,ab_ba_differ
BenchmarkGame_fannkuch,simplifycfg,sroa,order_sensitive,unsafe,dependent_and_non_commuting,agree_dependent,none,,
BenchmarkGame_n_body,early-cse,gvn,likely_independent,candidate,exact_convergence_to_single_pass_result,uncertain_commuting,high,commuting_uncertain,final_matches_b_only
BenchmarkGame_n_body,early-cse,instcombine,order_sensitive,unsafe,dependent_and_non_commuting,agree_dependent,none,,
BenchmarkGame_n_body,early-cse,loop-rotate,order_sensitive,unsafe,high_risk_uncertain_non_commuting,uncertain_non_commuting,high,order_sensitive,ab_ba_differ
BenchmarkGame_n_body,early-cse,simplifycfg,needs_attribution,review,commuting_but_rewrite_direction_unexplained,uncertain_commuting,high,commuting_uncertain,same_final_new_result
BenchmarkGame_n_body,early-cse,sroa,order_sensitive,unsafe,high_risk_uncertain_non_commuting,uncertain_non_commuting,high,order_sensitive,ab_ba_differ
BenchmarkGame_n_body,gvn,instcombine,order_sensitive,unsafe,dependent_and_non_commuting,agree_dependent,none,,
BenchmarkGame_n_body,gvn,loop-rotate,order_sensitive,unsafe,dependent_and_non_commuting,agree_dependent,none,,
BenchmarkGame_n_body,gvn,loop-unroll,order_sensitive,unsafe,dependent_and_non_commuting,agree_dependent,none,,
BenchmarkGame_n_body,gvn,sroa,order_sensitive,unsafe,dependent_and_non_commuting,agree_dependent,none,,
BenchmarkGame_n_body,instcombine,loop-rotate,order_sensitive,unsafe,dependent_and_non_commuting,agree_dependent,none,,
BenchmarkGame_n_body,instcombine,simplifycfg,order_sensitive,unsafe,dependent_and_non_commuting,agree_dependent,none,,
BenchmarkGame_n_body,instcombine,sroa,order_sensitive,unsafe,dependent_and_non_commuting,agree_dependent,none,,
BenchmarkGame_n_body,loop-rotate,sccp,likely_independent,candidate,same_direction_rewrite_candidate,uncertain_commuting,high,same_direction_rewrite_candidate,same_final_new_result
BenchmarkGame_n_body,loop-rotate,simplifycfg,order_sensitive,unsafe,dependent_and_non_commuting,agree_dependent,none,,
BenchmarkGame_n_body,loop-rotate,sroa,order_sensitive,unsafe,dependent_and_non_commuting,agree_dependent,none,,
BenchmarkGame_n_body,loop-unroll,sroa,order_sensitive,unsafe,dependent_and_non_commuting,agree_dependent,none,,
BenchmarkGame_n_body,sccp,simplifycfg,likely_independent,candidate,same_direction_rewrite_candidate,uncertain_commuting,high,same_direction_rewrite_candidate,same_final_new_result
BenchmarkGame_n_body,sccp,sroa,likely_independent,candidate,same_direction_rewrite_candidate,uncertain_commuting,high,same_direction_rewrite_candidate,same_final_new_result
BenchmarkGame_n_body,simplifycfg,sroa,order_sensitive,unsafe,dependent_and_non_commuting,agree_dependent,none,,
Misc_evalloop,early-cse,gvn,likely_independent,candidate,exact_convergence_to_single_pass_result,uncertain_commuting,high,commuting_uncertain,final_matches_b_only
Misc_evalloop,early-cse,instcombine,needs_attribution,review,commuting_but_rewrite_direction_unexplained,uncertain_commuting,high,commuting_uncertain,same_final_new_result
Misc_evalloop,early-cse,loop-rotate,order_sensitive,unsafe,high_risk_uncertain_non_commuting,uncertain_non_commuting,high,order_sensitive,ab_ba_differ
Misc_evalloop,early-cse,sccp,likely_independent,candidate,same_direction_rewrite_candidate,uncertain_commuting,high,same_direction_rewrite_candidate,same_final_new_result
Misc_evalloop,early-cse,simplifycfg,needs_attribution,review,commuting_but_rewrite_direction_unexplained,uncertain_commuting,high,commuting_uncertain,same_final_new_result
Misc_evalloop,early-cse,sroa,order_sensitive,unsafe,high_risk_uncertain_non_commuting,uncertain_non_commuting,high,order_sensitive,ab_ba_differ
Misc_evalloop,gvn,instcombine,order_sensitive,unsafe,dependent_and_non_commuting,agree_dependent,none,,
Misc_evalloop,gvn,loop-rotate,order_sensitive,unsafe,dependent_and_non_commuting,agree_dependent,none,,
Misc_evalloop,gvn,loop-simplify,order_sensitive,unsafe,high_risk_uncertain_non_commuting,uncertain_non_commuting,high,order_sensitive,ab_ba_differ
Misc_evalloop,gvn,loop-unroll,order_sensitive,unsafe,dependent_and_non_commuting,agree_dependent,none,,
Misc_evalloop,gvn,sccp,likely_independent,candidate,same_direction_rewrite_candidate,uncertain_commuting,high,same_direction_rewrite_candidate,same_final_new_result
Misc_evalloop,gvn,simplifycfg,order_sensitive,unsafe,dependent_and_non_commuting,agree_dependent,none,,
Misc_evalloop,gvn,sroa,order_sensitive,unsafe,dependent_and_non_commuting,agree_dependent,none,,
Misc_evalloop,instcombine,loop-rotate,order_sensitive,unsafe,dependent_and_non_commuting,agree_dependent,none,,
Misc_evalloop,instcombine,simplifycfg,order_sensitive,unsafe,dependent_and_non_commuting,agree_dependent,none,,
Misc_evalloop,instcombine,sroa,order_sensitive,unsafe,dependent_and_non_commuting,agree_dependent,none,,
Misc_evalloop,loop-rotate,sccp,likely_independent,candidate,same_direction_rewrite_candidate,uncertain_commuting,high,same_direction_rewrite_candidate,same_final_new_result
Misc_evalloop,loop-rotate,simplifycfg,order_sensitive,unsafe,dependent_and_non_commuting,agree_dependent,none,,
Misc_evalloop,loop-rotate,sroa,order_sensitive,unsafe,dependent_and_non_commuting,agree_dependent,none,,
Misc_evalloop,loop-simplify,simplifycfg,order_sensitive,unsafe,dependent_and_non_commuting,agree_dependent,none,,
Misc_evalloop,loop-simplify,sroa,order_sensitive,unsafe,dependent_and_non_commuting,agree_dependent,none,,
Misc_evalloop,loop-unroll,simplifycfg,order_sensitive,unsafe,dependent_and_non_commuting,agree_dependent,none,,
Misc_evalloop,loop-unroll,sroa,order_sensitive,unsafe,dependent_and_non_commuting,agree_dependent,none,,
Misc_evalloop,sccp,simplifycfg,likely_independent,candidate,same_direction_rewrite_candidate,uncertain_commuting,high,same_direction_rewrite_candidate,same_final_new_result
Misc_evalloop,sccp,sroa,likely_independent,candidate,same_direction_rewrite_candidate,uncertain_commuting,high,same_direction_rewrite_candidate,same_final_new_result
Misc_evalloop,simplifycfg,sroa,order_sensitive,unsafe,dependent_and_non_commuting,agree_dependent,none,,
Misc_revertBits,adce,gvn,likely_independent,candidate,same_direction_rewrite_candidate,uncertain_commuting,high,same_direction_rewrite_candidate,same_final_new_result
Misc_revertBits,adce,loop-rotate,likely_independent,candidate,same_direction_rewrite_candidate,uncertain_commuting,high,same_direction_rewrite_candidate,same_final_new_result
Misc_revertBits,adce,simplifycfg,likely_independent,candidate,same_direction_rewrite_candidate,uncertain_commuting,high,same_direction_rewrite_candidate,same_final_new_result
Misc_revertBits,adce,sroa,likely_independent,candidate,same_direction_rewrite_candidate,uncertain_commuting,high,same_direction_rewrite_candidate,same_final_new_result
Misc_revertBits,dce,gvn,likely_independent,candidate,same_direction_rewrite_candidate,uncertain_commuting,high,same_direction_rewrite_candidate,same_final_new_result
Misc_revertBits,dce,loop-rotate,likely_independent,candidate,same_direction_rewrite_candidate,uncertain_commuting,high,same_direction_rewrite_candidate,same_final_new_result
Misc_revertBits,dce,simplifycfg,likely_independent,candidate,same_direction_rewrite_candidate,uncertain_commuting,high,same_direction_rewrite_candidate,same_final_new_result
Misc_revertBits,dce,sroa,likely_independent,candidate,same_direction_rewrite_candidate,uncertain_commuting,high,same_direction_rewrite_candidate,same_final_new_result
Misc_revertBits,early-cse,gvn,needs_attribution,review,commuting_but_rewrite_direction_unexplained,uncertain_commuting,high,commuting_uncertain,same_final_new_result
Misc_revertBits,early-cse,instcombine,order_sensitive,unsafe,dependent_and_non_commuting,agree_dependent,none,,
Misc_revertBits,early-cse,loop-rotate,order_sensitive,unsafe,high_risk_uncertain_non_commuting,uncertain_non_commuting,high,order_sensitive,ab_ba_differ
Misc_revertBits,early-cse,sccp,likely_independent,candidate,same_direction_rewrite_candidate,uncertain_commuting,high,same_direction_rewrite_candidate,same_final_new_result
Misc_revertBits,early-cse,simplifycfg,needs_attribution,review,commuting_but_rewrite_direction_unexplained,uncertain_commuting,high,commuting_uncertain,same_final_new_result
Misc_revertBits,gvn,instcombine,order_sensitive,unsafe,dependent_and_non_commuting,agree_dependent,none,,
Misc_revertBits,gvn,loop-rotate,order_sensitive,unsafe,dependent_and_non_commuting,agree_dependent,none,,
Misc_revertBits,gvn,loop-unroll,order_sensitive,unsafe,dependent_and_non_commuting,agree_dependent,none,,
Misc_revertBits,gvn,sccp,likely_independent,candidate,same_direction_rewrite_candidate,uncertain_commuting,high,same_direction_rewrite_candidate,same_final_new_result
Misc_revertBits,gvn,sroa,order_sensitive,unsafe,dependent_and_non_commuting,agree_dependent,none,,
Misc_revertBits,instcombine,loop-rotate,order_sensitive,unsafe,dependent_and_non_commuting,agree_dependent,none,,
Misc_revertBits,instcombine,simplifycfg,order_sensitive,unsafe,dependent_and_non_commuting,agree_dependent,none,,
Misc_revertBits,instcombine,sroa,order_sensitive,unsafe,dependent_and_non_commuting,agree_dependent,none,,
Misc_revertBits,loop-rotate,simplifycfg,order_sensitive,unsafe,dependent_and_non_commuting,agree_dependent,none,,
Misc_revertBits,loop-rotate,sroa,order_sensitive,unsafe,dependent_and_non_commuting,agree_dependent,none,,
Misc_revertBits,loop-unroll,sroa,order_sensitive,unsafe,dependent_and_non_commuting,agree_dependent,none,,
Misc_revertBits,sccp,sroa,likely_independent,candidate,same_direction_rewrite_candidate,uncertain_commuting,high,same_direction_rewrite_candidate,same_final_new_result
Misc_revertBits,simplifycfg,sroa,order_sensitive,unsafe,dependent_and_non_commuting,agree_dependent,none,,
Shootout_ackermann,early-cse,gvn,likely_independent,candidate,exact_convergence_to_single_pass_result,uncertain_commuting,high,commuting_uncertain,final_matches_b_only
Shootout_ackermann,early-cse,instcombine,order_sensitive,unsafe,dependent_and_non_commuting,agree_dependent,none,,
Shootout_ackermann,early-cse,sccp,likely_independent,candidate,same_direction_rewrite_candidate,uncertain_commuting,high,same_direction_rewrite_candidate,ab_ba_differ
Shootout_ackermann,early-cse,simplifycfg,needs_attribution,review,commuting_but_rewrite_direction_unexplained,uncertain_commuting,high,commuting_uncertain,same_final_new_result
Shootout_ackermann,early-cse,sroa,likely_independent,candidate,exact_convergence_to_single_pass_result,uncertain_commuting,high,commuting_uncertain,final_matches_b_only
Shootout_ackermann,gvn,instcombine,order_sensitive,unsafe,dependent_and_non_commuting,agree_dependent,none,,
Shootout_ackermann,gvn,sccp,likely_independent,candidate,same_direction_rewrite_candidate,uncertain_commuting,high,same_direction_rewrite_candidate,ab_ba_differ
Shootout_ackermann,gvn,simplifycfg,needs_attribution,review,commuting_but_rewrite_direction_unexplained,uncertain_commuting,high,commuting_uncertain,same_final_new_result
Shootout_ackermann,gvn,sroa,order_sensitive,unsafe,high_risk_uncertain_non_commuting,uncertain_non_commuting,high,order_sensitive,ab_ba_differ
Shootout_ackermann,sccp,sroa,likely_independent,candidate,same_direction_rewrite_candidate,uncertain_commuting,high,same_direction_rewrite_candidate,ab_ba_differ
BenchmarkGame_nsieve_bits,early-cse,gvn,order_sensitive,unsafe,high_risk_uncertain_non_commuting,uncertain_non_commuting,high,order_sensitive,ab_ba_differ
BenchmarkGame_nsieve_bits,early-cse,instcombine,needs_attribution,review,commuting_but_rewrite_direction_unexplained,uncertain_commuting,high,commuting_uncertain,same_final_new_result
BenchmarkGame_nsieve_bits,early-cse,loop-rotate,order_sensitive,unsafe,high_risk_uncertain_non_commuting,uncertain_non_commuting,high,order_sensitive,ab_ba_differ
BenchmarkGame_nsieve_bits,early-cse,loop-unroll,order_sensitive,unsafe,dependent_and_non_commuting,agree_dependent,none,,
BenchmarkGame_nsieve_bits,early-cse,sccp,likely_independent,candidate,same_direction_rewrite_candidate,uncertain_commuting,high,same_direction_rewrite_candidate,same_final_new_result
BenchmarkGame_nsieve_bits,early-cse,simplifycfg,likely_independent,candidate,same_direction_rewrite_candidate,uncertain_commuting,high,same_direction_rewrite_candidate,same_final_new_result
BenchmarkGame_nsieve_bits,early-cse,sroa,needs_attribution,review,commuting_but_rewrite_direction_unexplained,uncertain_commuting,high,commuting_uncertain,ab_ba_differ
BenchmarkGame_nsieve_bits,gvn,instcombine,order_sensitive,unsafe,dependent_and_non_commuting,agree_dependent,none,,
BenchmarkGame_nsieve_bits,gvn,loop-rotate,order_sensitive,unsafe,dependent_and_non_commuting,agree_dependent,none,,
BenchmarkGame_nsieve_bits,gvn,loop-unroll,order_sensitive,unsafe,dependent_and_non_commuting,agree_dependent,none,,
BenchmarkGame_nsieve_bits,gvn,sccp,likely_independent,candidate,same_direction_rewrite_candidate,uncertain_commuting,high,same_direction_rewrite_candidate,ab_ba_differ
BenchmarkGame_nsieve_bits,gvn,simplifycfg,order_sensitive,unsafe,dependent_and_non_commuting,agree_dependent,none,,
BenchmarkGame_nsieve_bits,gvn,sroa,order_sensitive,unsafe,dependent_and_non_commuting,agree_dependent,none,,
BenchmarkGame_nsieve_bits,instcombine,loop-rotate,order_sensitive,unsafe,dependent_and_non_commuting,agree_dependent,none,,
BenchmarkGame_nsieve_bits,instcombine,simplifycfg,order_sensitive,unsafe,dependent_and_non_commuting,agree_dependent,none,,
BenchmarkGame_nsieve_bits,instcombine,sroa,order_sensitive,unsafe,dependent_and_non_commuting,agree_dependent,none,,
BenchmarkGame_nsieve_bits,loop-rotate,sccp,likely_independent,candidate,same_direction_rewrite_candidate,uncertain_commuting,high,same_direction_rewrite_candidate,same_final_new_result
BenchmarkGame_nsieve_bits,loop-rotate,simplifycfg,order_sensitive,unsafe,dependent_and_non_commuting,agree_dependent,none,,
BenchmarkGame_nsieve_bits,loop-rotate,sroa,order_sensitive,unsafe,dependent_and_non_commuting,agree_dependent,none,,
BenchmarkGame_nsieve_bits,loop-simplify,simplifycfg,order_sensitive,unsafe,dependent_and_non_commuting,agree_dependent,none,,
BenchmarkGame_nsieve_bits,loop-unroll,simplifycfg,order_sensitive,unsafe,dependent_and_non_commuting,agree_dependent,none,,
BenchmarkGame_nsieve_bits,loop-unroll,sroa,order_sensitive,unsafe,dependent_and_non_commuting,agree_dependent,none,,
BenchmarkGame_nsieve_bits,sccp,sroa,order_sensitive,unsafe,high_risk_uncertain_non_commuting,uncertain_non_commuting,high,order_sensitive,ab_ba_differ
BenchmarkGame_nsieve_bits,simplifycfg,sroa,order_sensitive,unsafe,dependent_and_non_commuting,agree_dependent,none,,
BenchmarkGame_partialsums,adce,gvn,order_sensitive,unsafe,dependent_and_non_commuting,agree_dependent,none,,
BenchmarkGame_partialsums,dce,gvn,order_sensitive,unsafe,dependent_and_non_commuting,agree_dependent,none,,
BenchmarkGame_partialsums,early-cse,gvn,order_sensitive,unsafe,high_risk_uncertain_non_commuting,uncertain_non_commuting,high,order_sensitive,ab_ba_differ
BenchmarkGame_partialsums,early-cse,instcombine,order_sensitive,unsafe,high_risk_uncertain_non_commuting,uncertain_non_commuting,high,order_sensitive,ab_ba_differ
BenchmarkGame_partialsums,early-cse,loop-rotate,order_sensitive,unsafe,high_risk_uncertain_non_commuting,uncertain_non_commuting,high,order_sensitive,ab_ba_differ
BenchmarkGame_partialsums,early-cse,sccp,likely_independent,candidate,same_direction_rewrite_candidate,uncertain_commuting,high,same_direction_rewrite_candidate,same_final_new_result
BenchmarkGame_partialsums,early-cse,simplifycfg,needs_attribution,review,commuting_but_rewrite_direction_unexplained,uncertain_commuting,high,commuting_uncertain,same_final_new_result
BenchmarkGame_partialsums,early-cse,sroa,order_sensitive,unsafe,high_risk_uncertain_non_commuting,uncertain_non_commuting,high,order_sensitive,ab_ba_differ
BenchmarkGame_partialsums,gvn,instcombine,order_sensitive,unsafe,dependent_and_non_commuting,agree_dependent,none,,
BenchmarkGame_partialsums,gvn,loop-rotate,order_sensitive,unsafe,dependent_and_non_commuting,agree_dependent,none,,
BenchmarkGame_partialsums,gvn,loop-unroll,order_sensitive,unsafe,dependent_and_non_commuting,agree_dependent,none,,
BenchmarkGame_partialsums,gvn,sccp,likely_independent,candidate,same_direction_rewrite_candidate,uncertain_commuting,high,same_direction_rewrite_candidate,ab_ba_differ
BenchmarkGame_partialsums,gvn,sroa,order_sensitive,unsafe,dependent_and_non_commuting,agree_dependent,none,,
BenchmarkGame_partialsums,instcombine,loop-rotate,order_sensitive,unsafe,dependent_and_non_commuting,agree_dependent,none,,
BenchmarkGame_partialsums,instcombine,sroa,order_sensitive,unsafe,dependent_and_non_commuting,agree_dependent,none,,
BenchmarkGame_partialsums,loop-rotate,simplifycfg,order_sensitive,unsafe,dependent_and_non_commuting,agree_dependent,none,,
BenchmarkGame_partialsums,loop-rotate,sroa,order_sensitive,unsafe,dependent_and_non_commuting,agree_dependent,none,,
BenchmarkGame_partialsums,loop-unroll,sroa,order_sensitive,unsafe,dependent_and_non_commuting,agree_dependent,none,,
BenchmarkGame_partialsums,sccp,sroa,order_sensitive,unsafe,high_risk_uncertain_non_commuting,uncertain_non_commuting,high,order_sensitive,ab_ba_differ
BenchmarkGame_partialsums,simplifycfg,sroa,order_sensitive,unsafe,dependent_and_non_commuting,agree_dependent,none,,
BenchmarkGame_recursive,early-cse,gvn,likely_independent,candidate,exact_convergence_to_single_pass_result,uncertain_commuting,high,commuting_uncertain,final_matches_b_only
BenchmarkGame_recursive,early-cse,instcombine,order_sensitive,unsafe,dependent_and_non_commuting,agree_dependent,none,,
BenchmarkGame_recursive,early-cse,simplifycfg,likely_independent,candidate,same_direction_rewrite_candidate,uncertain_commuting,high,same_direction_rewrite_candidate,same_final_new_result
BenchmarkGame_recursive,early-cse,sroa,order_sensitive,unsafe,high_risk_uncertain_non_commuting,uncertain_non_commuting,high,order_sensitive,ab_ba_differ
BenchmarkGame_recursive,gvn,instcombine,order_sensitive,unsafe,dependent_and_non_commuting,agree_dependent,none,,
BenchmarkGame_recursive,gvn,simplifycfg,likely_independent,candidate,same_direction_rewrite_candidate,uncertain_commuting,high,same_direction_rewrite_candidate,same_final_new_result
BenchmarkGame_recursive,gvn,sroa,order_sensitive,unsafe,high_risk_uncertain_non_commuting,uncertain_non_commuting,high,order_sensitive,ab_ba_differ
BenchmarkGame_recursive,instcombine,simplifycfg,order_sensitive,unsafe,dependent_and_non_commuting,agree_dependent,none,,
BenchmarkGame_recursive,instcombine,sroa,order_sensitive,unsafe,dependent_and_non_commuting,agree_dependent,none,,
BenchmarkGame_recursive,sccp,sroa,order_sensitive,unsafe,dependent_and_non_commuting,agree_dependent,none,,
BenchmarkGame_recursive,simplifycfg,sroa,order_sensitive,unsafe,dependent_and_non_commuting,agree_dependent,none,,
BenchmarkGame_puzzle,adce,gvn,order_sensitive,unsafe,dependent_and_non_commuting,agree_dependent,none,,
BenchmarkGame_puzzle,dce,gvn,order_sensitive,unsafe,dependent_and_non_commuting,agree_dependent,none,,
BenchmarkGame_puzzle,early-cse,gvn,order_sensitive,unsafe,high_risk_uncertain_non_commuting,uncertain_non_commuting,high,order_sensitive,ab_ba_differ
BenchmarkGame_puzzle,early-cse,instcombine,order_sensitive,unsafe,dependent_and_non_commuting,agree_dependent,none,,
BenchmarkGame_puzzle,early-cse,loop-rotate,order_sensitive,unsafe,high_risk_uncertain_non_commuting,uncertain_non_commuting,high,order_sensitive,ab_ba_differ
BenchmarkGame_puzzle,early-cse,loop-unroll,order_sensitive,unsafe,dependent_and_non_commuting,agree_dependent,none,,
BenchmarkGame_puzzle,early-cse,sccp,likely_independent,candidate,same_direction_rewrite_candidate,uncertain_commuting,high,same_direction_rewrite_candidate,ab_ba_differ
BenchmarkGame_puzzle,early-cse,simplifycfg,needs_attribution,review,commuting_but_rewrite_direction_unexplained,uncertain_commuting,high,commuting_uncertain,same_final_new_result
BenchmarkGame_puzzle,early-cse,sroa,order_sensitive,unsafe,high_risk_uncertain_non_commuting,uncertain_non_commuting,high,order_sensitive,ab_ba_differ
BenchmarkGame_puzzle,gvn,instcombine,order_sensitive,unsafe,dependent_and_non_commuting,agree_dependent,none,,
BenchmarkGame_puzzle,gvn,loop-rotate,order_sensitive,unsafe,dependent_and_non_commuting,agree_dependent,none,,
BenchmarkGame_puzzle,gvn,loop-unroll,order_sensitive,unsafe,dependent_and_non_commuting,agree_dependent,none,,
BenchmarkGame_puzzle,gvn,sccp,likely_independent,candidate,same_direction_rewrite_candidate,uncertain_commuting,high,same_direction_rewrite_candidate,same_final_new_result
BenchmarkGame_puzzle,gvn,simplifycfg,order_sensitive,unsafe,dependent_and_non_commuting,agree_dependent,none,,
BenchmarkGame_puzzle,gvn,sroa,order_sensitive,unsafe,dependent_and_non_commuting,agree_dependent,none,,
BenchmarkGame_puzzle,instcombine,loop-rotate,order_sensitive,unsafe,dependent_and_non_commuting,agree_dependent,none,,
BenchmarkGame_puzzle,instcombine,sccp,likely_independent,candidate,same_direction_rewrite_candidate,uncertain_commuting,high,same_direction_rewrite_candidate,same_final_new_result
BenchmarkGame_puzzle,instcombine,simplifycfg,order_sensitive,unsafe,dependent_and_non_commuting,agree_dependent,none,,
BenchmarkGame_puzzle,instcombine,sroa,order_sensitive,unsafe,dependent_and_non_commuting,agree_dependent,none,,
BenchmarkGame_puzzle,loop-rotate,sccp,likely_independent,candidate,same_direction_rewrite_candidate,uncertain_commuting,high,same_direction_rewrite_candidate,same_final_new_result
BenchmarkGame_puzzle,loop-rotate,simplifycfg,order_sensitive,unsafe,dependent_and_non_commuting,agree_dependent,none,,
BenchmarkGame_puzzle,loop-rotate,sroa,order_sensitive,unsafe,dependent_and_non_commuting,agree_dependent,none,,
BenchmarkGame_puzzle,loop-unroll,sroa,order_sensitive,unsafe,dependent_and_non_commuting,agree_dependent,none,,
BenchmarkGame_puzzle,sccp,simplifycfg,likely_independent,candidate,same_direction_rewrite_candidate,uncertain_commuting,high,same_direction_rewrite_candidate,same_final_new_result
BenchmarkGame_puzzle,sccp,sroa,likely_independent,candidate,same_direction_rewrite_candidate,uncertain_commuting,high,same_direction_rewrite_candidate,ab_ba_differ
BenchmarkGame_puzzle,simplifycfg,sroa,order_sensitive,unsafe,dependent_and_non_commuting,agree_dependent,none,,
Misc_pi,early-cse,gvn,likely_independent,candidate,exact_convergence_to_single_pass_result,uncertain_commuting,high,commuting_uncertain,final_matches_b_only
Misc_pi,early-cse,instcombine,order_sensitive,unsafe,high_risk_uncertain_non_commuting,uncertain_non_commuting,high,order_sensitive,ab_ba_differ
Misc_pi,early-cse,loop-rotate,order_sensitive,unsafe,high_risk_uncertain_non_commuting,uncertain_non_commuting,high,order_sensitive,ab_ba_differ
Misc_pi,early-cse,loop-unroll,order_sensitive,unsafe,dependent_and_non_commuting,agree_dependent,none,,
Misc_pi,early-cse,simplifycfg,needs_attribution,review,commuting_but_rewrite_direction_unexplained,uncertain_commuting,high,commuting_uncertain,same_final_new_result
Misc_pi,early-cse,sroa,order_sensitive,unsafe,high_risk_uncertain_non_commuting,uncertain_non_commuting,high,order_sensitive,ab_ba_differ
Misc_pi,gvn,instcombine,order_sensitive,unsafe,dependent_and_non_commuting,agree_dependent,none,,
Misc_pi,gvn,loop-rotate,order_sensitive,unsafe,dependent_and_non_commuting,agree_dependent,none,,
Misc_pi,gvn,loop-unroll,order_sensitive,unsafe,dependent_and_non_commuting,agree_dependent,none,,
Misc_pi,gvn,simplifycfg,order_sensitive,unsafe,dependent_and_non_commuting,agree_dependent,none,,
Misc_pi,gvn,sroa,order_sensitive,unsafe,dependent_and_non_commuting,agree_dependent,none,,
Misc_pi,instcombine,loop-rotate,order_sensitive,unsafe,dependent_and_non_commuting,agree_dependent,none,,
Misc_pi,instcombine,sroa,order_sensitive,unsafe,dependent_and_non_commuting,agree_dependent,none,,
Misc_pi,loop-rotate,simplifycfg,order_sensitive,unsafe,dependent_and_non_commuting,agree_dependent,none,,
Misc_pi,loop-rotate,sroa,order_sensitive,unsafe,dependent_and_non_commuting,agree_dependent,none,,
Misc_pi,loop-unroll,sroa,order_sensitive,unsafe,dependent_and_non_commuting,agree_dependent,none,,
Misc_pi,sccp,sroa,order_sensitive,unsafe,dependent_and_non_commuting,agree_dependent,none,,
Misc_pi,simplifycfg,sroa,order_sensitive,unsafe,dependent_and_non_commuting,agree_dependent,none,,
Shootout_ary3,early-cse,gvn,likely_independent,candidate,exact_convergence_to_single_pass_result,uncertain_commuting,high,commuting_uncertain,final_matches_b_only
Shootout_ary3,early-cse,instcombine,order_sensitive,unsafe,high_risk_uncertain_non_commuting,uncertain_non_commuting,high,order_sensitive,ab_ba_differ
Shootout_ary3,early-cse,loop-rotate,order_sensitive,unsafe,high_risk_uncertain_non_commuting,uncertain_non_commuting,high,order_sensitive,ab_ba_differ
Shootout_ary3,early-cse,sccp,order_sensitive,unsafe,high_risk_uncertain_non_commuting,uncertain_non_commuting,high,order_sensitive,ab_ba_differ
Shootout_ary3,early-cse,simplifycfg,needs_attribution,review,commuting_but_rewrite_direction_unexplained,uncertain_commuting,high,commuting_uncertain,same_final_new_result
Shootout_ary3,early-cse,sroa,order_sensitive,unsafe,high_risk_uncertain_non_commuting,uncertain_non_commuting,high,order_sensitive,ab_ba_differ
Shootout_ary3,gvn,instcombine,order_sensitive,unsafe,dependent_and_non_commuting,agree_dependent,none,,
Shootout_ary3,gvn,loop-rotate,order_sensitive,unsafe,dependent_and_non_commuting,agree_dependent,none,,
Shootout_ary3,gvn,loop-unroll,order_sensitive,unsafe,dependent_and_non_commuting,agree_dependent,none,,
Shootout_ary3,gvn,sccp,order_sensitive,unsafe,high_risk_uncertain_non_commuting,uncertain_non_commuting,high,order_sensitive,ab_ba_differ
Shootout_ary3,gvn,sroa,order_sensitive,unsafe,dependent_and_non_commuting,agree_dependent,none,,
Shootout_ary3,instcombine,loop-rotate,order_sensitive,unsafe,dependent_and_non_commuting,agree_dependent,none,,
Shootout_ary3,instcombine,simplifycfg,order_sensitive,unsafe,dependent_and_non_commuting,agree_dependent,none,,
Shootout_ary3,instcombine,sroa,order_sensitive,unsafe,dependent_and_non_commuting,agree_dependent,none,,
Shootout_ary3,loop-rotate,sccp,likely_independent,candidate,same_direction_rewrite_candidate,uncertain_commuting,high,same_direction_rewrite_candidate,same_final_new_result
Shootout_ary3,loop-rotate,simplifycfg,order_sensitive,unsafe,dependent_and_non_commuting,agree_dependent,none,,
Shootout_ary3,loop-rotate,sroa,order_sensitive,unsafe,dependent_and_non_commuting,agree_dependent,none,,
Shootout_ary3,sccp,simplifycfg,likely_independent,candidate,same_direction_rewrite_candidate,uncertain_commuting,high,same_direction_rewrite_candidate,same_final_new_result
Shootout_ary3,sccp,sroa,order_sensitive,unsafe,high_risk_uncertain_non_commuting,uncertain_non_commuting,high,order_sensitive,ab_ba_differ
Shootout_ary3,simplifycfg,sroa,order_sensitive,unsafe,dependent_and_non_commuting,agree_dependent,none,,
Shootout_matrix,early-cse,gvn,likely_independent,candidate,exact_convergence_to_single_pass_result,uncertain_commuting,high,commuting_uncertain,final_matches_b_only
Shootout_matrix,early-cse,instcombine,order_sensitive,unsafe,high_risk_uncertain_non_commuting,uncertain_non_commuting,high,order_sensitive,ab_ba_differ
Shootout_matrix,early-cse,loop-rotate,order_sensitive,unsafe,high_risk_uncertain_non_commuting,uncertain_non_commuting,high,order_sensitive,ab_ba_differ
Shootout_matrix,early-cse,sccp,order_sensitive,unsafe,high_risk_uncertain_non_commuting,uncertain_non_commuting,high,order_sensitive,ab_ba_differ
Shootout_matrix,early-cse,simplifycfg,needs_attribution,review,commuting_but_rewrite_direction_unexplained,uncertain_commuting,high,commuting_uncertain,same_final_new_result
Shootout_matrix,early-cse,sroa,order_sensitive,unsafe,high_risk_uncertain_non_commuting,uncertain_non_commuting,high,order_sensitive,ab_ba_differ
Shootout_matrix,gvn,instcombine,order_sensitive,unsafe,dependent_and_non_commuting,agree_dependent,none,,
Shootout_matrix,gvn,loop-rotate,order_sensitive,unsafe,dependent_and_non_commuting,agree_dependent,none,,
Shootout_matrix,gvn,loop-unroll,order_sensitive,unsafe,dependent_and_non_commuting,agree_dependent,none,,
Shootout_matrix,gvn,sccp,order_sensitive,unsafe,high_risk_uncertain_non_commuting,uncertain_non_commuting,high,order_sensitive,ab_ba_differ
Shootout_matrix,gvn,sroa,order_sensitive,unsafe,dependent_and_non_commuting,agree_dependent,none,,
Shootout_matrix,instcombine,loop-rotate,order_sensitive,unsafe,dependent_and_non_commuting,agree_dependent,none,,
Shootout_matrix,instcombine,simplifycfg,order_sensitive,unsafe,dependent_and_non_commuting,agree_dependent,none,,
Shootout_matrix,instcombine,sroa,order_sensitive,unsafe,dependent_and_non_commuting,agree_dependent,none,,
Shootout_matrix,loop-rotate,sccp,likely_independent,candidate,same_direction_rewrite_candidate,uncertain_commuting,high,same_direction_rewrite_candidate,same_final_new_result
Shootout_matrix,loop-rotate,simplifycfg,order_sensitive,unsafe,dependent_and_non_commuting,agree_dependent,none,,
Shootout_matrix,loop-rotate,sroa,order_sensitive,unsafe,dependent_and_non_commuting,agree_dependent,none,,
Shootout_matrix,loop-unroll,sroa,order_sensitive,unsafe,dependent_and_non_commuting,agree_dependent,none,,
Shootout_matrix,sccp,simplifycfg,likely_independent,candidate,same_direction_rewrite_candidate,uncertain_commuting,high,same_direction_rewrite_candidate,same_final_new_result
Shootout_matrix,sccp,sroa,order_sensitive,unsafe,high_risk_uncertain_non_commuting,uncertain_non_commuting,high,order_sensitive,ab_ba_differ
Shootout_matrix,simplifycfg,sroa,order_sensitive,unsafe,dependent_and_non_commuting,agree_dependent,none,,
Shootout_sieve,early-cse,gvn,likely_independent,candidate,exact_convergence_to_single_pass_result,uncertain_commuting,high,commuting_uncertain,final_matches_b_only
Shootout_sieve,early-cse,instcombine,order_sensitive,unsafe,high_risk_uncertain_non_commuting,uncertain_non_commuting,high,order_sensitive,ab_ba_differ
Shootout_sieve,early-cse,loop-rotate,order_sensitive,unsafe,high_risk_uncertain_non_commuting,uncertain_non_commuting,high,order_sensitive,ab_ba_differ
Shootout_sieve,early-cse,sccp,likely_independent,candidate,same_direction_rewrite_candidate,uncertain_commuting,high,same_direction_rewrite_candidate,same_final_new_result
Shootout_sieve,early-cse,simplifycfg,needs_attribution,review,commuting_but_rewrite_direction_unexplained,uncertain_commuting,high,commuting_uncertain,same_final_new_result
Shootout_sieve,early-cse,sroa,needs_attribution,review,commuting_but_rewrite_direction_unexplained,uncertain_commuting,high,commuting_uncertain,ab_ba_differ
Shootout_sieve,gvn,instcombine,order_sensitive,unsafe,dependent_and_non_commuting,agree_dependent,none,,
Shootout_sieve,gvn,loop-rotate,order_sensitive,unsafe,dependent_and_non_commuting,agree_dependent,none,,
Shootout_sieve,gvn,loop-unroll,order_sensitive,unsafe,dependent_and_non_commuting,agree_dependent,none,,
Shootout_sieve,gvn,sccp,likely_independent,candidate,same_direction_rewrite_candidate,uncertain_commuting,high,same_direction_rewrite_candidate,same_final_new_result
Shootout_sieve,gvn,simplifycfg,order_sensitive,unsafe,dependent_and_non_commuting,agree_dependent,none,,
Shootout_sieve,gvn,sroa,order_sensitive,unsafe,dependent_and_non_commuting,agree_dependent,none,,
Shootout_sieve,instcombine,loop-rotate,order_sensitive,unsafe,dependent_and_non_commuting,agree_dependent,none,,
Shootout_sieve,instcombine,simplifycfg,order_sensitive,unsafe,dependent_and_non_commuting,agree_dependent,none,,
Shootout_sieve,instcombine,sroa,order_sensitive,unsafe,dependent_and_non_commuting,agree_dependent,none,,
Shootout_sieve,loop-rotate,simplifycfg,order_sensitive,unsafe,dependent_and_non_commuting,agree_dependent,none,,
Shootout_sieve,loop-rotate,sroa,order_sensitive,unsafe,dependent_and_non_commuting,agree_dependent,none,,
Shootout_sieve,loop-simplify,simplifycfg,order_sensitive,unsafe,dependent_and_non_commuting,agree_dependent,none,,
Shootout_sieve,loop-unroll,simplifycfg,order_sensitive,unsafe,dependent_and_non_commuting,agree_dependent,none,,
Shootout_sieve,loop-unroll,sroa,order_sensitive,unsafe,dependent_and_non_commuting,agree_dependent,none,,
Shootout_sieve,sccp,sroa,likely_independent,candidate,same_direction_rewrite_candidate,uncertain_commuting,high,same_direction_rewrite_candidate,same_final_new_result
Shootout_sieve,simplifycfg,sroa,order_sensitive,unsafe,dependent_and_non_commuting,agree_dependent,none,,
Stanford_Bubblesort,early-cse,gvn,likely_independent,candidate,exact_convergence_to_single_pass_result,uncertain_commuting,high,commuting_uncertain,final_matches_b_only
Stanford_Bubblesort,early-cse,instcombine,order_sensitive,unsafe,high_risk_uncertain_non_commuting,uncertain_non_commuting,high,order_sensitive,ab_ba_differ
Stanford_Bubblesort,early-cse,loop-rotate,order_sensitive,unsafe,high_risk_uncertain_non_commuting,uncertain_non_commuting,high,order_sensitive,ab_ba_differ
Stanford_Bubblesort,early-cse,loop-unroll,order_sensitive,unsafe,dependent_and_non_commuting,agree_dependent,none,,
Stanford_Bubblesort,early-cse,sccp,order_sensitive,unsafe,dependent_and_non_commuting,agree_dependent,none,,
Stanford_Bubblesort,early-cse,simplifycfg,needs_attribution,review,commuting_but_rewrite_direction_unexplained,uncertain_commuting,high,commuting_uncertain,same_final_new_result
Stanford_Bubblesort,early-cse,sroa,order_sensitive,unsafe,high_risk_uncertain_non_commuting,uncertain_non_commuting,high,order_sensitive,ab_ba_differ
Stanford_Bubblesort,gvn,instcombine,order_sensitive,unsafe,dependent_and_non_commuting,agree_dependent,none,,
Stanford_Bubblesort,gvn,loop-rotate,order_sensitive,unsafe,dependent_and_non_commuting,agree_dependent,none,,
Stanford_Bubblesort,gvn,sccp,order_sensitive,unsafe,dependent_and_non_commuting,agree_dependent,none,,
Stanford_Bubblesort,gvn,sroa,order_sensitive,unsafe,dependent_and_non_commuting,agree_dependent,none,,
Stanford_Bubblesort,instcombine,loop-rotate,order_sensitive,unsafe,dependent_and_non_commuting,agree_dependent,none,,
Stanford_Bubblesort,instcombine,sccp,order_sensitive,unsafe,dependent_and_non_commuting,agree_dependent,none,,
Stanford_Bubblesort,instcombine,simplifycfg,order_sensitive,unsafe,dependent_and_non_commuting,agree_dependent,none,,
Stanford_Bubblesort,instcombine,sroa,order_sensitive,unsafe,dependent_and_non_commuting,agree_dependent,none,,
Stanford_Bubblesort,loop-rotate,simplifycfg,order_sensitive,unsafe,dependent_and_non_commuting,agree_dependent,none,,
Stanford_Bubblesort,loop-rotate,sroa,order_sensitive,unsafe,dependent_and_non_commuting,agree_dependent,none,,
Stanford_Bubblesort,simplifycfg,sroa,order_sensitive,unsafe,dependent_and_non_commuting,agree_dependent,none,,
Stanford_Quicksort,early-cse,gvn,likely_independent,candidate,exact_convergence_to_single_pass_result,uncertain_commuting,high,commuting_uncertain,final_matches_b_only
Stanford_Quicksort,early-cse,instcombine,order_sensitive,unsafe,high_risk_uncertain_non_commuting,uncertain_non_commuting,high,order_sensitive,ab_ba_differ
Stanford_Quicksort,early-cse,loop-rotate,order_sensitive,unsafe,high_risk_uncertain_non_commuting,uncertain_non_commuting,high,order_sensitive,ab_ba_differ
Stanford_Quicksort,early-cse,loop-unroll,order_sensitive,unsafe,dependent_and_non_commuting,agree_dependent,none,,
Stanford_Quicksort,early-cse,sccp,order_sensitive,unsafe,dependent_and_non_commuting,agree_dependent,none,,
Stanford_Quicksort,early-cse,simplifycfg,needs_attribution,review,commuting_but_rewrite_direction_unexplained,uncertain_commuting,high,commuting_uncertain,same_final_new_result
Stanford_Quicksort,early-cse,sroa,order_sensitive,unsafe,high_risk_uncertain_non_commuting,uncertain_non_commuting,high,order_sensitive,ab_ba_differ
Stanford_Quicksort,gvn,instcombine,order_sensitive,unsafe,dependent_and_non_commuting,agree_dependent,none,,
Stanford_Quicksort,gvn,loop-rotate,order_sensitive,unsafe,dependent_and_non_commuting,agree_dependent,none,,
Stanford_Quicksort,gvn,loop-unroll,order_sensitive,unsafe,dependent_and_non_commuting,agree_dependent,none,,
Stanford_Quicksort,gvn,sccp,order_sensitive,unsafe,dependent_and_non_commuting,agree_dependent,none,,
Stanford_Quicksort,gvn,simplifycfg,order_sensitive,unsafe,dependent_and_non_commuting,agree_dependent,none,,
Stanford_Quicksort,gvn,sroa,order_sensitive,unsafe,dependent_and_non_commuting,agree_dependent,none,,
Stanford_Quicksort,instcombine,loop-rotate,order_sensitive,unsafe,dependent_and_non_commuting,agree_dependent,none,,
Stanford_Quicksort,instcombine,sccp,order_sensitive,unsafe,dependent_and_non_commuting,agree_dependent,none,,
Stanford_Quicksort,instcombine,simplifycfg,order_sensitive,unsafe,dependent_and_non_commuting,agree_dependent,none,,
Stanford_Quicksort,instcombine,sroa,order_sensitive,unsafe,dependent_and_non_commuting,agree_dependent,none,,
Stanford_Quicksort,loop-rotate,simplifycfg,order_sensitive,unsafe,dependent_and_non_commuting,agree_dependent,none,,
Stanford_Quicksort,loop-rotate,sroa,order_sensitive,unsafe,dependent_and_non_commuting,agree_dependent,none,,
Stanford_Quicksort,loop-simplify,simplifycfg,order_sensitive,unsafe,dependent_and_non_commuting,agree_dependent,none,,
Stanford_Quicksort,loop-unroll,simplifycfg,order_sensitive,unsafe,dependent_and_non_commuting,agree_dependent,none,,
Stanford_Quicksort,loop-unroll,sroa,order_sensitive,unsafe,dependent_and_non_commuting,agree_dependent,none,,
Stanford_Quicksort,simplifycfg,sroa,order_sensitive,unsafe,dependent_and_non_commuting,agree_dependent,none,,
Stanford_Towers,early-cse,gvn,likely_independent,candidate,exact_convergence_to_single_pass_result,uncertain_commuting,high,commuting_uncertain,final_matches_b_only
Stanford_Towers,early-cse,instcombine,order_sensitive,unsafe,high_risk_uncertain_non_commuting,uncertain_non_commuting,high,order_sensitive,ab_ba_differ
Stanford_Towers,early-cse,loop-rotate,order_sensitive,unsafe,high_risk_uncertain_non_commuting,uncertain_non_commuting,high,order_sensitive,ab_ba_differ
Stanford_Towers,early-cse,sccp,order_sensitive,unsafe,dependent_and_non_commuting,agree_dependent,none,,
Stanford_Towers,early-cse,simplifycfg,needs_attribution,review,commuting_but_rewrite_direction_unexplained,uncertain_commuting,high,commuting_uncertain,same_final_new_result
Stanford_Towers,early-cse,sroa,order_sensitive,unsafe,high_risk_uncertain_non_commuting,uncertain_non_commuting,high,order_sensitive,ab_ba_differ
Stanford_Towers,gvn,instcombine,order_sensitive,unsafe,dependent_and_non_commuting,agree_dependent,none,,
Stanford_Towers,gvn,loop-rotate,order_sensitive,unsafe,dependent_and_non_commuting,agree_dependent,none,,
Stanford_Towers,gvn,loop-unroll,order_sensitive,unsafe,dependent_and_non_commuting,agree_dependent,none,,
Stanford_Towers,gvn,sccp,order_sensitive,unsafe,dependent_and_non_commuting,agree_dependent,none,,
Stanford_Towers,gvn,simplifycfg,order_sensitive,unsafe,dependent_and_non_commuting,agree_dependent,none,,
Stanford_Towers,gvn,sroa,order_sensitive,unsafe,dependent_and_non_commuting,agree_dependent,none,,
Stanford_Towers,instcombine,loop-rotate,order_sensitive,unsafe,dependent_and_non_commuting,agree_dependent,none,,
Stanford_Towers,instcombine,simplifycfg,order_sensitive,unsafe,dependent_and_non_commuting,agree_dependent,none,,
Stanford_Towers,instcombine,sroa,order_sensitive,unsafe,dependent_and_non_commuting,agree_dependent,none,,
Stanford_Towers,loop-rotate,simplifycfg,order_sensitive,unsafe,dependent_and_non_commuting,agree_dependent,none,,
Stanford_Towers,loop-rotate,sroa,order_sensitive,unsafe,dependent_and_non_commuting,agree_dependent,none,,
Stanford_Towers,loop-unroll,sroa,order_sensitive,unsafe,dependent_and_non_commuting,agree_dependent,none,,
Stanford_Towers,simplifycfg,sroa,order_sensitive,unsafe,dependent_and_non_commuting,agree_dependent,none,,
Misc_lowercase,adce,sccp,order_sensitive,unsafe,dependent_and_non_commuting,agree_dependent,none,,
Misc_lowercase,dce,sccp,order_sensitive,unsafe,dependent_and_non_commuting,agree_dependent,none,,
Misc_lowercase,early-cse,gvn,likely_independent,candidate,exact_convergence_to_single_pass_result,uncertain_commuting,high,commuting_uncertain,final_matches_b_only
Misc_lowercase,early-cse,instcombine,order_sensitive,unsafe,dependent_and_non_commuting,agree_dependent,none,,
Misc_lowercase,early-cse,loop-rotate,order_sensitive,unsafe,high_risk_uncertain_non_commuting,uncertain_non_commuting,high,order_sensitive,ab_ba_differ
Misc_lowercase,early-cse,loop-unroll,order_sensitive,unsafe,dependent_and_non_commuting,agree_dependent,none,,
Misc_lowercase,early-cse,sccp,order_sensitive,unsafe,high_risk_uncertain_non_commuting,uncertain_non_commuting,high,order_sensitive,ab_ba_differ
Misc_lowercase,early-cse,simplifycfg,needs_attribution,review,commuting_but_rewrite_direction_unexplained,uncertain_commuting,high,commuting_uncertain,ab_ba_differ
Misc_lowercase,early-cse,sroa,order_sensitive,unsafe,high_risk_uncertain_non_commuting,uncertain_non_commuting,high,order_sensitive,ab_ba_differ
Misc_lowercase,gvn,instcombine,order_sensitive,unsafe,dependent_and_non_commuting,agree_dependent,none,,
Misc_lowercase,gvn,loop-rotate,order_sensitive,unsafe,dependent_and_non_commuting,agree_dependent,none,,
Misc_lowercase,gvn,loop-unroll,order_sensitive,unsafe,dependent_and_non_commuting,agree_dependent,none,,
Misc_lowercase,gvn,sccp,likely_independent,candidate,same_direction_rewrite_candidate,uncertain_commuting,high,same_direction_rewrite_candidate,ab_ba_differ
Misc_lowercase,gvn,sroa,order_sensitive,unsafe,dependent_and_non_commuting,agree_dependent,none,,
Misc_lowercase,instcombine,loop-rotate,order_sensitive,unsafe,dependent_and_non_commuting,agree_dependent,none,,
Misc_lowercase,instcombine,sccp,order_sensitive,unsafe,high_risk_uncertain_non_commuting,uncertain_non_commuting,high,order_sensitive,ab_ba_differ
Misc_lowercase,instcombine,simplifycfg,order_sensitive,unsafe,dependent_and_non_commuting,agree_dependent,none,,
Misc_lowercase,instcombine,sroa,order_sensitive,unsafe,dependent_and_non_commuting,agree_dependent,none,,
Misc_lowercase,loop-rotate,sccp,likely_independent,candidate,same_direction_rewrite_candidate,uncertain_commuting,high,same_direction_rewrite_candidate,same_final_new_result
Misc_lowercase,loop-rotate,simplifycfg,order_sensitive,unsafe,dependent_and_non_commuting,agree_dependent,none,,
Misc_lowercase,loop-rotate,sroa,order_sensitive,unsafe,dependent_and_non_commuting,agree_dependent,none,,
Misc_lowercase,loop-unroll,sroa,order_sensitive,unsafe,dependent_and_non_commuting,agree_dependent,none,,
Misc_lowercase,sccp,simplifycfg,likely_independent,candidate,same_direction_rewrite_candidate,uncertain_commuting,high,same_direction_rewrite_candidate,same_final_new_result
Misc_lowercase,sccp,sroa,likely_independent,candidate,same_direction_rewrite_candidate,uncertain_commuting,high,same_direction_rewrite_candidate,ab_ba_differ
Misc_lowercase,simplifycfg,sroa,order_sensitive,unsafe,dependent_and_non_commuting,agree_dependent,none,,
Misc_mandel,early-cse,gvn,likely_independent,candidate,exact_convergence_to_single_pass_result,uncertain_commuting,high,commuting_uncertain,final_matches_b_only
Misc_mandel,early-cse,instcombine,needs_attribution,review,commuting_but_rewrite_direction_unexplained,uncertain_commuting,high,commuting_uncertain,same_final_new_result
Misc_mandel,early-cse,loop-rotate,order_sensitive,unsafe,high_risk_uncertain_non_commuting,uncertain_non_commuting,high,order_sensitive,ab_ba_differ
Misc_mandel,early-cse,simplifycfg,likely_independent,candidate,same_direction_rewrite_candidate,uncertain_commuting,high,same_direction_rewrite_candidate,same_final_new_result
Misc_mandel,early-cse,sroa,needs_attribution,review,commuting_but_rewrite_direction_unexplained,uncertain_commuting,high,commuting_uncertain,ab_ba_differ
Misc_mandel,gvn,instcombine,order_sensitive,unsafe,dependent_and_non_commuting,agree_dependent,none,,
Misc_mandel,gvn,loop-rotate,order_sensitive,unsafe,dependent_and_non_commuting,agree_dependent,none,,
Misc_mandel,gvn,loop-simplify,order_sensitive,unsafe,dependent_and_non_commuting,agree_dependent,none,,
Misc_mandel,gvn,loop-unroll,order_sensitive,unsafe,dependent_and_non_commuting,agree_dependent,none,,
Misc_mandel,gvn,simplifycfg,order_sensitive,unsafe,dependent_and_non_commuting,agree_dependent,none,,
Misc_mandel,gvn,sroa,order_sensitive,unsafe,dependent_and_non_commuting,agree_dependent,none,,
Misc_mandel,instcombine,loop-rotate,order_sensitive,unsafe,dependent_and_non_commuting,agree_dependent,none,,
Misc_mandel,instcombine,simplifycfg,order_sensitive,unsafe,dependent_and_non_commuting,agree_dependent,none,,
Misc_mandel,instcombine,sroa,order_sensitive,unsafe,dependent_and_non_commuting,agree_dependent,none,,
Misc_mandel,loop-rotate,simplifycfg,order_sensitive,unsafe,dependent_and_non_commuting,agree_dependent,none,,
Misc_mandel,loop-rotate,sroa,order_sensitive,unsafe,dependent_and_non_commuting,agree_dependent,none,,
Misc_mandel,loop-unroll,sroa,order_sensitive,unsafe,dependent_and_non_commuting,agree_dependent,none,,
Misc_mandel,simplifycfg,sroa,order_sensitive,unsafe,dependent_and_non_commuting,agree_dependent,none,,
Misc_flops_1,adce,early-cse,likely_independent,candidate,exact_convergence_to_single_pass_result,uncertain_commuting,high,commuting_uncertain,final_matches_b_only
Misc_flops_1,adce,gvn,needs_attribution,review,commuting_but_rewrite_direction_unexplained,uncertain_commuting,high,commuting_uncertain,same_final_new_result
Misc_flops_1,adce,instcombine,likely_independent,candidate,exact_convergence_to_single_pass_result,uncertain_commuting,high,commuting_uncertain,final_matches_b_only
Misc_flops_1,adce,loop-rotate,needs_attribution,review,commuting_but_rewrite_direction_unexplained,uncertain_commuting,high,commuting_uncertain,same_final_new_result
Misc_flops_1,adce,simplifycfg,needs_attribution,review,commuting_but_rewrite_direction_unexplained,uncertain_commuting,high,commuting_uncertain,same_final_new_result
Misc_flops_1,adce,sroa,order_sensitive,unsafe,high_risk_uncertain_non_commuting,uncertain_non_commuting,high,order_sensitive,ab_ba_differ
Misc_flops_1,dce,early-cse,likely_independent,candidate,exact_convergence_to_single_pass_result,uncertain_commuting,high,commuting_uncertain,final_matches_b_only
Misc_flops_1,dce,gvn,needs_attribution,review,commuting_but_rewrite_direction_unexplained,uncertain_commuting,high,commuting_uncertain,same_final_new_result
Misc_flops_1,dce,instcombine,likely_independent,candidate,exact_convergence_to_single_pass_result,uncertain_commuting,high,commuting_uncertain,final_matches_b_only
Misc_flops_1,dce,loop-rotate,needs_attribution,review,commuting_but_rewrite_direction_unexplained,uncertain_commuting,high,commuting_uncertain,same_final_new_result
Misc_flops_1,dce,simplifycfg,needs_attribution,review,commuting_but_rewrite_direction_unexplained,uncertain_commuting,high,commuting_uncertain,same_final_new_result
Misc_flops_1,dce,sroa,order_sensitive,unsafe,high_risk_uncertain_non_commuting,uncertain_non_commuting,high,order_sensitive,ab_ba_differ
Misc_flops_1,early-cse,instcombine,order_sensitive,unsafe,dependent_and_non_commuting,agree_dependent,none,,
Misc_flops_1,early-cse,loop-rotate,order_sensitive,unsafe,high_risk_uncertain_non_commuting,uncertain_non_commuting,high,order_sensitive,ab_ba_differ
Misc_flops_1,early-cse,simplifycfg,needs_attribution,review,commuting_but_rewrite_direction_unexplained,uncertain_commuting,high,commuting_uncertain,same_final_new_result
Misc_flops_1,early-cse,sroa,order_sensitive,unsafe,dependent_and_non_commuting,agree_dependent,none,,
Misc_flops_1,gvn,instcombine,order_sensitive,unsafe,dependent_and_non_commuting,agree_dependent,none,,
Misc_flops_1,gvn,loop-rotate,order_sensitive,unsafe,dependent_and_non_commuting,agree_dependent,none,,
Misc_flops_1,gvn,loop-unroll,order_sensitive,unsafe,dependent_and_non_commuting,agree_dependent,none,,
Misc_flops_1,gvn,sroa,order_sensitive,unsafe,dependent_and_non_commuting,agree_dependent,none,,
Misc_flops_1,instcombine,loop-rotate,order_sensitive,unsafe,dependent_and_non_commuting,agree_dependent,none,,
Misc_flops_1,instcombine,sroa,order_sensitive,unsafe,dependent_and_non_commuting,agree_dependent,none,,
Misc_flops_1,loop-rotate,simplifycfg,order_sensitive,unsafe,dependent_and_non_commuting,agree_dependent,none,,
Misc_flops_1,loop-rotate,sroa,order_sensitive,unsafe,dependent_and_non_commuting,agree_dependent,none,,
Misc_flops_1,loop-unroll,sroa,order_sensitive,unsafe,dependent_and_non_commuting,agree_dependent,none,,
Misc_flops_1,sccp,sroa,order_sensitive,unsafe,dependent_and_non_commuting,agree_dependent,none,,
